YEAR,MO,DY,Temperature at 2 Meters ©,Dew/Frost Point at 2 Meters (C) ,Temperature at 2 Meters Maximum (C) ,Temperature at 2 Meters Minimum ©,Specific Humidity at 2 Meters (g/kg),Relative Humidity at 2 Meters (%),Precipitation Corrected (mm/day),Wind Speed at 10 Meters
2021,1,1,11.09,-1.05,18.75,5.82,3.54,45.0,0.0,1.43
2021,1,2,10.99,1.71,18.87,5.91,4.52,56.12,0.41,1.82
2021,1,3,12.78,10.72,17.98,8.79,8.18,87.69,1.54,2.55
2021,1,4,14.45,13.18,18.49,11.69,9.58,92.12,3.36,2.38
2021,1,5,14.19,13.42,17.01,11.78,9.7,95.06,32.72,3.84
2021,1,6,14.26,11.31,20.2,9.55,8.48,83.81,5.49,2.06
2021,1,7,12.2,7.06,18.98,7.58,6.35,73.62,0.0,1.84
2021,1,8,11.8,6.19,19.32,7.01,5.98,70.75,0.0,1.97
2021,1,9,10.93,6.24,19.05,5.42,5.98,75.5,0.0,2.77
2021,1,10,9.94,4.02,18.83,3.98,5.13,69.62,0.0,2.88
2021,1,11,10.0,2.01,19.12,4.35,4.46,60.0,0.0,2.56
2021,1,12,9.8,1.72,20.27,3.44,4.39,60.44,0.0,2.84
2021,1,13,9.55,1.42,18.37,3.4,4.33,58.75,0.0,2.48
2021,1,14,10.73,2.55,18.32,3.65,4.64,59.0,0.0,1.38
2021,1,15,10.87,2.77,17.48,6.02,4.7,59.19,0.0,1.41
2021,1,16,9.89,2.87,19.33,3.55,4.76,64.88,0.0,2.29
2021,1,17,10.97,1.95,18.19,5.07,4.46,55.5,0.0,1.71
2021,1,18,10.33,0.79,19.01,5.21,4.09,53.44,0.0,1.73
2021,1,19,10.21,3.3,19.08,3.73,4.88,65.0,0.0,2.65
2021,1,20,11.29,5.12,22.02,3.97,5.55,69.69,0.0,3.31
2021,1,21,12.01,3.3,21.49,3.19,4.88,59.56,0.0,2.58
2021,1,22,12.06,3.13,20.08,4.56,4.88,55.94,0.01,3.29
2021,1,23,11.24,3.3,17.59,7.3,4.94,59.38,0.44,3.75
2021,1,24,11.42,4.65,19.32,6.1,5.37,66.12,0.08,1.98
2021,1,25,11.89,1.65,20.96,5.55,4.33,52.19,0.0,1.97
2021,1,26,11.26,0.09,20.44,4.67,3.91,48.88,0.0,2.42
2021,1,27,10.9,0.26,20.4,3.96,3.97,50.44,0.0,2.55
2021,1,28,11.9,0.77,20.54,6.06,4.09,48.75,0.0,1.9
2021,1,29,11.16,0.66,20.36,4.21,4.03,50.81,0.0,2.76
2021,1,30,11.73,0.94,21.09,3.66,4.15,51.12,0.0,2.64
2021,1,31,14.26,0.41,21.99,7.24,3.97,41.5,0.0,1.09
2021,2,1,13.51,2.48,21.98,6.91,4.64,49.44,0.0,2.18
2021,2,2,14.54,4.02,22.48,8.57,5.13,51.38,0.0,1.56
2021,2,3,13.59,4.33,22.15,7.99,5.25,57.12,0.42,2.35
2021,2,4,12.15,5.3,20.64,6.89,5.62,67.12,1.16,2.07
2021,2,5,12.73,5.69,20.4,6.78,5.74,65.75,0.13,1.3
2021,2,6,13.62,5.76,21.28,6.83,5.8,62.06,0.0,2.2
2021,2,7,14.15,5.14,22.44,5.69,5.55,57.75,0.0,2.39
2021,2,8,15.78,5.48,23.73,9.44,5.68,52.25,0.06,1.52
2021,2,9,17.27,5.02,24.59,10.91,5.49,46.88,0.0,1.42
2021,2,10,16.23,5.9,24.1,10.21,5.92,52.31,0.0,1.7
2021,2,11,17.22,7.69,25.56,11.33,6.65,55.88,0.0,1.29
2021,2,12,17.64,7.48,25.88,11.02,6.53,54.31,0.0,1.7
2021,2,13,17.58,7.0,23.02,13.8,6.35,50.62,0.0,1.27
2021,2,14,17.34,6.44,25.58,9.97,6.1,51.62,0.0,1.65
2021,2,15,17.84,7.46,25.85,11.58,6.53,52.5,0.0,1.74
2021,2,16,18.07,7.8,25.27,11.73,6.71,53.56,0.0,1.4
2021,2,17,18.52,6.48,26.45,11.59,6.1,47.88,0.0,1.2
2021,2,18,17.93,5.45,26.54,12.19,5.68,46.12,0.0,1.7
2021,2,19,18.37,5.47,26.23,11.19,5.68,45.06,0.0,1.58
2021,2,20,18.94,4.22,25.74,11.88,5.19,39.19,0.0,1.16
2021,2,21,19.42,5.2,26.81,12.43,5.62,41.31,0.0,1.95
2021,2,22,21.46,4.87,29.01,13.27,5.49,35.81,0.0,1.34
2021,2,23,21.05,4.8,29.27,12.43,5.49,37.06,0.0,2.34
2021,2,24,21.67,5.19,30.59,13.73,5.62,36.81,0.0,1.68
2021,2,25,21.51,6.87,30.51,12.98,6.35,41.56,0.0,1.92
2021,2,26,21.97,8.82,30.58,13.91,7.26,45.5,0.15,2.31
2021,2,27,19.65,6.25,28.12,12.69,6.16,46.12,0.49,2.91
2021,2,28,19.19,5.17,27.04,13.56,5.62,42.88,0.0,1.66
2021,3,1,18.44,5.28,27.8,10.74,5.68,47.56,0.0,2.99
2021,3,2,18.87,3.56,28.81,9.41,5.0,41.0,0.0,3.61
2021,3,3,21.94,2.03,30.33,14.19,4.52,29.5,0.0,1.63
2021,3,4,21.01,3.69,31.22,12.46,5.13,35.5,0.0,2.38
2021,3,5,21.3,6.33,31.41,14.06,6.04,41.81,0.0,3.48
2021,3,6,21.68,5.18,31.99,13.6,5.68,38.56,0.0,2.09
2021,3,7,23.02,10.37,30.94,16.95,8.0,47.19,0.05,4.86
2021,3,8,22.4,10.44,31.4,14.71,8.0,50.25,0.01,3.05
2021,3,9,22.9,9.8,32.08,15.02,7.69,47.62,0.0,2.02
2021,3,10,22.89,7.87,31.3,16.3,6.77,41.75,0.0,2.47
2021,3,11,23.61,6.32,33.11,15.59,6.1,36.56,0.01,2.34
2021,3,12,22.35,5.83,31.64,15.86,5.86,37.62,0.73,4.08
2021,3,13,21.64,8.26,31.07,13.73,6.9,45.94,0.89,2.82
2021,3,14,22.33,9.21,30.43,15.55,7.39,46.56,0.0,2.36
2021,3,15,22.05,11.53,29.0,15.05,8.61,54.25,0.0,2.77
2021,3,16,23.73,10.8,32.2,16.45,8.24,48.12,0.0,2.62
2021,3,17,24.48,10.15,33.06,17.16,7.87,43.81,0.0,2.34
2021,3,18,24.77,9.94,33.94,17.13,7.81,44.06,0.0,2.11
2021,3,19,24.26,10.03,33.6,16.54,7.81,44.81,0.0,2.78
2021,3,20,25.3,9.53,34.07,17.24,7.57,40.44,0.0,2.52
2021,3,21,22.98,11.59,29.8,18.83,8.79,50.81,3.8,2.41
2021,3,22,23.37,10.76,30.55,16.94,8.24,48.75,0.29,3.45
2021,3,23,22.07,11.24,30.81,16.35,8.48,53.06,8.8,4.55
2021,3,24,21.0,9.91,29.26,13.51,7.75,53.75,0.0,3.34
2021,3,25,21.03,9.09,30.48,12.4,7.32,52.88,0.0,3.09
2021,3,26,23.66,9.19,32.98,14.0,7.39,44.94,0.0,2.7
2021,3,27,26.32,10.58,35.15,17.61,8.18,41.25,0.0,2.09
2021,3,28,27.44,10.83,36.55,19.34,8.36,39.81,0.0,2.64
2021,3,29,26.89,7.42,37.44,18.7,6.71,33.25,0.0,4.3
2021,3,30,26.17,8.24,35.9,18.76,7.14,37.06,0.0,3.33
2021,3,31,23.05,-1.74,34.16,13.4,3.6,25.75,0.0,5.31
2021,4,1,22.23,-2.56,34.12,11.82,3.36,25.19,0.0,5.48
2021,4,2,20.98,-3.62,32.29,10.87,3.05,23.62,0.0,4.45
2021,4,3,24.12,-2.42,34.93,13.42,3.3,20.69,0.0,2.41
2021,4,4,23.8,2.39,31.83,16.09,4.7,26.56,0.0,3.19
2021,4,5,22.44,9.9,31.51,16.55,7.75,47.06,0.01,3.88
2021,4,6,24.01,14.18,33.23,18.39,10.38,58.69,2.44,4.16
2021,4,7,23.51,8.37,32.76,14.91,7.57,50.19,0.42,2.82
2021,4,8,23.64,4.24,33.71,13.65,5.31,33.94,0.0,3.42
2021,4,9,25.28,2.4,35.37,15.69,4.64,26.06,0.0,3.03
2021,4,10,25.9,4.19,34.63,17.76,5.25,27.06,0.0,3.03
2021,4,11,28.03,6.93,38.11,17.86,6.41,30.62,0.02,3.11
2021,4,12,29.13,8.8,37.51,21.56,7.26,31.5,0.05,3.05
2021,4,13,29.73,9.51,38.58,20.89,7.57,31.06,0.0,3.21
2021,4,14,31.05,9.94,39.61,22.47,7.81,30.19,0.01,2.86
2021,4,15,29.23,8.3,36.6,22.01,7.02,29.44,0.07,2.79
2021,4,16,26.28,11.65,31.53,21.59,8.73,41.69,0.71,4.94
2021,4,17,23.97,13.25,29.72,19.09,9.7,53.81,0.85,3.08
2021,4,18,26.41,11.83,35.25,17.51,8.85,46.12,0.08,2.68
2021,4,19,27.67,7.51,36.91,18.93,6.71,32.94,0.0,3.64
2021,4,20,24.23,8.89,32.04,18.58,7.45,41.88,1.19,3.19
2021,4,21,23.17,11.37,30.4,16.15,8.61,52.06,1.18,2.86
2021,4,22,26.5,9.9,34.52,17.73,7.75,39.44,0.34,2.77
2021,4,23,22.53,13.13,26.98,17.18,9.58,57.12,19.95,3.26
2021,4,24,24.6,8.31,33.98,15.73,7.02,40.88,0.0,3.04
2021,4,25,27.37,6.27,38.1,15.23,6.1,31.12,0.0,2.88
2021,4,26,30.65,8.02,39.7,21.45,6.9,27.25,0.0,1.98
2021,4,27,32.19,10.08,41.41,24.57,8.0,28.44,0.0,1.87
2021,4,28,32.08,11.37,38.91,23.9,8.61,30.19,0.0,1.76
2021,4,29,32.98,11.3,41.91,23.27,8.61,29.56,0.0,2.1
2021,4,30,33.19,11.83,41.64,25.01,8.91,30.19,0.0,1.85
2021,5,1,32.59,12.33,40.3,25.73,9.16,31.62,0.25,1.85
2021,5,2,33.54,10.37,40.92,26.26,8.06,25.88,0.0,1.18
2021,5,3,32.82,11.01,40.21,24.75,8.42,28.44,0.02,2.55
2021,5,4,32.9,11.1,40.58,24.73,8.54,29.38,0.01,2.77
2021,5,5,31.63,12.57,38.98,23.8,9.34,33.94,1.8,2.55
2021,5,6,31.24,11.8,38.5,25.03,8.85,32.38,0.02,3.27
2021,5,7,29.65,11.72,35.58,23.63,8.79,35.06,0.12,2.65
2021,5,8,32.3,10.8,38.86,24.2,8.24,28.12,0.0,1.3
2021,5,9,33.07,10.1,40.61,24.96,7.87,26.31,0.01,1.88
2021,5,10,32.73,12.76,39.1,27.08,9.52,31.75,5.4,1.57
2021,5,11,31.87,12.65,39.48,24.27,9.4,33.81,0.41,2.8
2021,5,12,32.68,14.36,39.03,26.33,10.62,35.44,4.23,1.62
2021,5,13,29.6,15.35,34.76,24.9,11.23,44.0,6.11,1.87
2021,5,14,29.69,14.37,36.54,22.33,10.5,42.31,0.19,1.89
2021,5,15,31.53,12.93,38.4,23.72,9.58,35.12,0.4,1.72
2021,5,16,33.19,12.41,40.49,25.93,9.22,30.62,0.16,2.07
2021,5,17,33.57,11.17,41.86,25.07,8.54,28.69,0.0,3.15
2021,5,18,34.3,8.75,42.31,25.44,7.26,23.06,0.0,2.71
2021,5,19,32.78,11.84,39.44,25.53,8.85,29.38,0.05,2.52
2021,5,20,32.59,12.8,39.45,24.48,9.46,31.62,2.26,2.97
2021,5,21,31.62,15.07,38.33,24.04,11.05,39.5,6.7,2.97
2021,5,22,32.23,13.51,38.97,24.7,10.01,35.25,0.0,1.92
2021,5,23,30.78,11.07,37.48,24.98,8.42,31.62,0.0,2.91
2021,5,24,31.73,9.8,39.42,23.19,7.75,28.12,0.11,3.84
2021,5,25,33.39,8.77,41.77,24.0,7.26,24.5,0.0,3.73
2021,5,26,34.94,5.22,43.16,25.94,5.74,17.81,0.0,2.99
2021,5,27,35.81,3.93,45.02,25.89,5.19,15.38,0.0,3.6
2021,5,28,37.12,6.87,45.65,27.62,6.35,16.81,0.0,2.3
2021,5,29,38.14,8.7,45.29,30.06,7.26,17.62,0.0,2.48
2021,5,30,36.69,14.6,43.91,29.87,10.74,29.19,0.97,3.29
2021,5,31,37.17,13.09,44.05,28.92,9.83,26.5,1.54,1.49
2021,6,1,33.98,13.8,39.55,28.79,10.19,31.56,3.21,3.5
2021,6,2,34.09,15.87,40.67,27.01,11.66,36.62,0.93,3.06
2021,6,3,33.29,14.88,38.29,27.85,10.93,35.25,4.13,1.84
2021,6,4,33.48,14.86,39.25,27.72,10.86,34.12,0.89,1.27
2021,6,5,34.86,15.46,40.43,29.35,11.29,32.75,0.15,1.32
2021,6,6,36.31,15.08,42.26,29.59,10.99,29.56,0.0,1.51
2021,6,7,38.23,15.99,44.55,31.19,11.72,28.19,0.0,2.8
2021,6,8,39.44,13.92,47.0,31.2,10.25,24.0,0.0,3.47
2021,6,9,40.56,15.47,47.62,32.18,11.35,24.31,0.0,4.58
2021,6,10,40.4,15.52,47.09,33.51,11.41,24.56,0.0,4.3
2021,6,11,39.99,15.99,45.68,33.18,11.72,25.25,1.01,3.61
2021,6,12,39.6,16.5,45.19,33.26,12.15,27.31,1.22,2.18
2021,6,13,35.73,19.53,41.26,29.97,14.83,41.31,10.04,2.46
2021,6,14,34.23,17.72,39.32,28.39,13.18,39.94,4.6,1.66
2021,6,15,34.01,17.58,39.46,28.68,13.06,39.62,0.93,2.45
2021,6,16,31.38,19.29,35.95,26.9,14.4,49.94,2.32,3.32
2021,6,17,33.68,16.69,39.8,26.33,12.33,39.62,0.01,1.69
2021,6,18,35.2,14.51,41.8,27.45,10.68,31.38,0.0,2.25
2021,6,19,35.6,11.36,42.33,28.44,8.73,25.31,0.02,2.23
2021,6,20,35.05,12.89,41.69,27.29,9.64,28.06,0.88,2.32
2021,6,21,35.9,13.02,42.33,28.93,9.64,26.62,0.13,2.6
2021,6,22,36.36,13.23,43.55,28.87,9.83,26.94,0.0,2.89
2021,6,23,37.63,12.45,45.05,29.44,9.28,23.56,0.0,2.62
2021,6,24,37.59,12.76,43.85,30.35,9.46,23.69,0.01,1.6
2021,6,25,38.15,13.15,44.31,31.29,9.7,23.69,0.25,2.48
2021,6,26,34.19,18.88,38.54,29.69,14.16,42.38,11.81,2.85
2021,6,27,34.05,17.92,40.86,27.05,13.31,42.25,2.4,2.66
2021,6,28,36.24,16.28,43.43,28.64,11.9,33.06,0.0,3.51
2021,6,29,37.72,14.29,45.33,29.66,10.5,27.12,0.0,3.51
2021,6,30,38.87,12.18,47.23,30.76,9.22,22.25,0.0,5.03
2021,7,1,39.1,12.91,46.48,31.58,9.64,22.75,0.0,4.52
2021,7,2,38.57,12.88,45.65,30.94,9.64,23.69,0.22,3.36
2021,7,3,37.23,16.96,43.17,31.0,12.57,32.56,4.05,2.12
2021,7,4,37.77,17.51,43.61,31.94,12.88,31.88,0.29,2.8
2021,7,5,37.59,16.81,43.62,31.39,12.33,30.81,0.77,2.33
2021,7,6,38.11,17.01,43.87,32.15,12.45,30.19,0.0,2.7
2021,7,7,39.06,15.71,45.58,32.22,11.47,26.62,0.0,3.23
2021,7,8,39.15,16.83,45.51,32.23,12.39,28.5,2.72,3.34
2021,7,9,37.05,19.46,41.2,32.83,14.71,37.19,7.58,2.27
2021,7,10,36.78,18.98,42.53,30.3,14.22,37.19,0.05,1.8
2021,7,11,36.06,21.03,40.96,31.2,16.11,43.12,5.73,1.77
2021,7,12,32.02,25.01,34.8,29.06,20.45,67.0,33.96,4.2
2021,7,13,30.99,24.75,33.92,28.08,20.08,70.12,21.12,1.28
2021,7,14,33.66,23.46,39.76,27.87,18.68,58.19,0.63,2.59
2021,7,15,33.94,22.66,38.69,28.87,17.76,53.75,0.24,2.0
2021,7,16,34.56,22.46,40.05,29.42,17.46,51.31,0.06,2.19
2021,7,17,36.05,22.18,41.54,29.65,17.33,47.38,0.01,2.01
2021,7,18,37.28,22.9,43.13,31.72,18.13,45.75,3.86,2.39
2021,7,19,35.5,23.89,40.9,30.56,19.29,53.06,9.67,3.9
2021,7,20,31.01,26.16,34.25,28.12,22.03,76.38,42.3,3.36
2021,7,21,31.54,24.4,36.3,27.37,19.9,68.5,14.45,1.43
2021,7,22,32.98,22.14,37.96,28.16,17.27,54.88,1.9,1.38
2021,7,23,32.85,22.58,37.73,28.12,17.76,56.31,0.0,1.92
2021,7,24,33.87,23.61,38.87,28.61,18.86,57.25,2.14,1.88
2021,7,25,34.15,25.06,38.91,28.72,20.63,61.31,8.73,1.8
2021,7,26,33.3,25.22,37.24,29.36,20.87,63.75,4.61,2.92
2021,7,27,33.73,25.34,38.58,29.82,21.06,62.94,9.28,3.56
2021,7,28,32.83,25.08,37.97,28.68,20.69,65.75,12.05,2.77
2021,7,29,31.23,25.71,35.68,27.45,21.42,74.38,21.56,1.85
2021,7,30,31.62,24.69,35.65,28.08,20.14,68.31,1.93,1.83
2021,7,31,31.13,24.76,36.04,26.92,20.2,70.62,21.38,3.09
2021,8,1,31.9,25.12,36.16,27.03,20.69,69.0,7.98,1.6
2021,8,2,33.22,25.09,37.67,28.3,20.69,64.81,3.46,1.14
2021,8,3,32.65,24.37,37.59,27.5,19.71,63.62,3.04,1.88
2021,8,4,31.48,24.17,36.58,27.33,19.47,66.5,2.74,2.03
2021,8,5,32.03,24.69,36.16,27.82,20.14,66.62,16.1,1.48
2021,8,6,31.68,24.53,37.04,26.64,19.9,67.94,5.67,2.26
2021,8,7,32.19,24.08,37.18,27.79,19.35,64.0,0.47,1.41
2021,8,8,32.12,23.72,37.65,26.78,18.92,63.62,1.02,1.83
2021,8,9,31.72,24.15,36.88,26.8,19.41,66.31,1.89,1.92
2021,8,10,32.23,23.91,37.63,27.33,19.23,64.0,0.54,1.55
2021,8,11,33.34,22.12,39.53,27.07,17.27,54.69,0.01,2.37
2021,8,12,33.68,22.61,39.83,27.84,17.76,54.75,0.34,2.19
2021,8,13,34.12,22.12,40.1,28.37,17.27,52.25,0.01,2.09
2021,8,14,34.04,22.19,40.31,28.88,17.33,52.56,0.15,2.64
2021,8,15,32.65,23.31,37.53,28.35,18.55,60.56,4.74,2.05
2021,8,16,32.09,22.46,37.71,27.36,17.52,59.62,2.14,1.81
2021,8,17,32.83,21.98,39.5,26.74,17.03,55.88,0.0,2.23
2021,8,18,33.05,21.33,40.08,26.83,16.42,53.94,0.42,2.48
2021,8,19,33.26,20.62,40.83,26.55,15.75,51.5,0.44,2.34
2021,8,20,32.89,20.9,39.65,26.65,15.99,52.62,0.53,2.97
2021,8,21,31.0,22.82,36.67,26.13,17.82,64.44,7.76,2.37
2021,8,22,30.15,23.56,33.79,26.33,18.68,69.0,3.71,1.98
2021,8,23,31.85,22.49,36.63,27.34,17.52,59.31,0.05,1.66
2021,8,24,32.93,21.48,39.19,27.08,16.54,53.5,0.0,2.11
2021,8,25,34.17,19.57,41.48,26.61,14.83,45.75,0.03,2.37
2021,8,26,33.87,19.01,40.86,26.94,14.28,44.31,0.08,2.39
2021,8,27,34.24,18.28,41.38,27.67,13.61,41.56,0.35,1.66
2021,8,28,33.09,19.01,39.85,26.87,14.22,45.81,2.05,1.42
2021,8,29,32.74,19.14,39.48,26.98,14.34,47.88,0.81,2.25
2021,8,30,31.48,21.27,37.16,26.36,16.24,57.12,6.61,2.34
2021,8,31,29.83,22.25,33.94,25.55,17.21,65.06,11.6,1.74
2021,9,1,30.11,23.3,34.68,25.32,18.31,68.62,9.19,1.62
2021,9,2,30.51,22.29,35.19,24.99,17.27,63.62,4.58,1.55
2021,9,3,29.03,22.8,33.43,25.94,17.82,70.12,6.78,2.11
2021,9,4,30.3,21.48,36.47,24.23,16.48,62.44,0.78,1.23
2021,9,5,31.4,21.72,36.92,25.04,16.72,59.06,1.2,1.68
2021,9,6,32.15,22.31,38.12,26.29,17.33,58.31,0.53,1.55
2021,9,7,32.1,22.9,37.4,27.05,17.94,60.38,2.25,1.99
2021,9,8,31.08,23.67,36.46,27.15,18.8,66.81,8.42,3.73
2021,9,9,30.21,24.38,34.51,26.8,19.65,72.56,11.68,2.05
2021,9,10,28.46,24.64,31.54,25.64,19.9,80.5,62.62,2.55
2021,9,11,26.66,24.25,29.17,24.52,19.41,86.88,43.12,3.29
2021,9,12,27.69,23.41,31.29,24.05,18.49,78.44,9.67,1.49
2021,9,13,28.46,23.35,32.51,23.39,18.43,75.06,0.91,1.38
2021,9,14,28.95,23.36,33.37,24.55,18.43,73.0,0.0,1.42
2021,9,15,29.5,23.85,33.83,25.15,18.98,72.5,0.05,1.29
2021,9,16,29.76,23.46,34.81,24.44,18.55,70.62,0.12,2.02
2021,9,17,29.3,23.33,34.69,24.15,18.43,72.12,2.26,2.34
2021,9,18,28.78,23.15,33.27,23.42,18.19,72.81,0.22,1.84
2021,9,19,30.12,24.05,34.8,25.21,19.17,71.5,2.75,1.96
2021,9,20,29.83,24.13,33.9,25.26,19.29,72.62,6.69,1.34
2021,9,21,29.05,24.18,31.85,26.26,19.35,75.5,18.26,1.46
2021,9,22,27.31,23.55,30.9,24.04,18.62,80.69,14.43,1.82
2021,9,23,26.47,23.1,31.26,22.5,18.07,82.94,2.8,2.53
2021,9,24,27.19,22.56,31.92,22.64,17.46,77.31,1.03,1.12
2021,9,25,28.56,23.02,32.95,24.38,18.07,73.06,0.0,1.44
2021,9,26,28.29,22.87,33.44,23.31,17.88,73.88,0.16,1.62
2021,9,27,28.1,22.75,32.66,23.48,17.7,74.0,0.12,1.58
2021,9,28,28.75,22.3,33.77,23.87,17.21,69.81,0.15,1.3
2021,9,29,28.4,22.46,33.1,23.41,17.4,71.44,0.44,1.69
2021,9,30,29.42,23.01,34.03,24.5,17.94,69.94,1.25,1.23
2021,10,1,29.06,23.2,33.55,24.51,18.19,72.19,6.88,1.09
2021,10,2,28.34,24.37,32.2,24.84,19.53,79.69,55.29,1.6
2021,10,3,28.24,24.0,32.9,24.44,19.17,79.12,19.19,1.48
2021,10,4,28.13,23.45,32.51,24.09,18.55,76.94,2.18,1.3
2021,10,5,27.06,22.98,31.12,23.48,17.94,79.31,3.55,1.73
2021,10,6,26.73,22.06,31.34,23.23,16.97,76.38,0.0,1.98
2021,10,7,27.04,20.53,32.89,21.14,15.5,69.06,0.0,1.92
2021,10,8,27.08,19.21,33.24,21.12,14.28,63.94,0.0,1.84
2021,10,9,26.58,19.23,32.77,21.73,14.28,66.25,0.0,1.49
2021,10,10,26.32,19.47,33.58,20.9,14.53,68.44,0.0,2.53
2021,10,11,25.47,18.18,32.33,19.11,13.37,66.75,0.13,2.14
2021,10,12,25.97,18.11,32.23,20.51,13.24,63.62,0.0,1.02
2021,10,13,24.98,17.2,30.2,19.88,12.51,63.31,0.0,1.5
2021,10,14,24.5,14.76,31.51,18.39,10.74,56.88,0.0,2.01
2021,10,15,25.57,13.17,31.92,17.76,9.7,47.81,0.0,1.38
2021,10,16,26.21,14.58,32.62,20.43,10.68,49.94,0.0,1.2
2021,10,17,24.29,17.36,29.8,20.01,12.7,66.56,0.09,2.38
2021,10,18,22.65,19.45,28.21,18.54,14.4,83.44,1.01,2.14
2021,10,19,23.68,17.39,29.8,17.73,12.7,70.62,0.0,2.5
2021,10,20,24.7,14.53,31.69,19.29,10.56,55.31,0.0,1.81
2021,10,21,24.01,11.08,31.93,18.44,8.48,46.94,0.0,1.59
2021,10,22,23.27,15.0,31.86,15.9,10.99,61.44,0.06,3.64
2021,10,23,22.87,17.88,29.09,17.03,13.12,74.94,14.21,4.19
2021,10,24,21.41,18.14,25.65,17.79,13.18,83.0,4.2,3.2
2021,10,25,19.62,14.25,25.95,14.73,10.25,72.81,0.01,2.46
2021,10,26,19.55,10.86,26.48,12.21,8.24,60.69,0.0,2.01
2021,10,27,20.26,11.16,27.26,15.45,8.42,57.5,0.0,2.09
2021,10,28,20.05,10.44,27.88,13.19,8.0,57.19,0.0,2.09
2021,10,29,21.2,10.24,28.74,15.73,7.93,51.19,0.0,1.83
2021,10,30,20.11,11.69,28.51,13.52,8.67,61.06,0.0,3.23
2021,10,31,20.78,10.25,29.04,13.51,7.93,54.69,0.0,1.68
2021,11,1,20.17,10.54,28.4,13.3,8.12,55.94,0.0,2.83
2021,11,2,19.32,11.91,27.23,13.46,8.85,64.44,0.16,2.66
2021,11,3,19.27,11.26,26.83,14.9,8.42,61.88,0.01,1.98
2021,11,4,19.46,8.8,26.69,12.78,7.2,53.12,0.0,1.62
2021,11,5,20.82,8.16,28.24,16.51,6.9,45.81,0.0,1.41
2021,11,6,18.83,9.99,26.76,13.37,7.81,58.5,0.0,2.85
2021,11,7,19.6,9.59,28.51,11.87,7.57,55.56,0.0,2.66
2021,11,8,20.5,9.94,28.69,15.98,7.75,52.75,0.0,2.41
2021,11,9,21.05,10.33,29.4,15.08,7.93,53.19,0.0,2.0
2021,11,10,20.89,8.83,28.51,15.38,7.2,47.88,0.0,1.4
2021,11,11,19.94,8.54,28.19,15.85,7.08,49.5,0.0,2.09
2021,11,12,19.19,8.31,27.37,13.47,6.96,51.81,0.0,2.16
2021,11,13,19.2,6.69,27.3,13.33,6.23,46.25,0.0,2.17
2021,11,14,18.45,5.54,26.58,13.67,5.74,44.88,0.0,1.58
2021,11,15,17.38,4.96,25.54,12.27,5.55,45.81,0.0,2.05
2021,11,16,17.5,4.26,25.88,10.57,5.25,43.94,0.0,2.03
2021,11,17,17.96,3.33,25.81,12.82,4.94,39.19,0.0,1.28
2021,11,18,16.64,4.15,25.25,11.42,5.25,44.88,0.0,2.09
2021,11,19,16.97,4.55,24.63,11.4,5.37,45.38,0.0,2.08
2021,11,20,17.55,5.49,26.05,11.88,5.74,46.75,0.0,2.28
2021,11,21,17.09,6.28,26.35,11.2,6.04,51.5,0.0,2.79
2021,11,22,16.09,5.64,26.14,9.37,5.8,53.56,0.0,3.34
2021,11,23,17.48,3.98,26.37,10.14,5.19,44.69,0.0,1.64
2021,11,24,16.79,3.88,26.81,9.23,5.13,45.25,0.0,2.62
2021,11,25,15.9,5.17,24.99,10.18,5.62,51.38,0.0,2.1
2021,11,26,16.3,5.87,24.59,10.91,5.86,52.56,0.0,1.9
2021,11,27,16.27,6.22,23.43,10.36,5.98,53.19,0.0,1.78
2021,11,28,16.06,7.18,24.32,11.4,6.41,57.44,0.0,1.92
2021,11,29,16.05,7.25,24.57,11.25,6.41,58.25,0.0,2.93
2021,11,30,16.22,6.25,24.17,9.3,5.98,55.31,0.0,2.31
2021,12,1,16.49,4.99,22.9,12.4,5.49,47.38,0.0,1.23
2021,12,2,16.37,4.55,24.08,11.15,5.31,47.06,0.0,1.98
2021,12,3,15.94,4.27,23.98,9.99,5.25,47.5,0.0,1.44
2021,12,4,17.34,6.42,25.48,11.08,6.1,50.5,0.0,1.86
2021,12,5,16.64,7.44,23.34,11.23,6.59,57.38,0.35,1.78
2021,12,6,14.69,9.01,22.88,9.27,7.26,72.25,0.0,2.92
2021,12,7,14.06,6.19,23.42,7.29,5.98,64.44,0.0,2.78
2021,12,8,14.88,3.43,23.42,7.4,4.94,50.06,0.0,2.32
2021,12,9,15.17,2.54,23.37,10.01,4.64,44.06,0.0,2.1
2021,12,10,13.72,3.0,23.41,7.33,4.76,51.12,0.0,2.75
2021,12,11,14.05,0.67,22.94,6.07,4.03,44.25,0.0,1.91
2021,12,12,15.36,-0.5,21.72,10.84,3.72,34.88,0.0,1.0
2021,12,13,14.25,0.02,20.75,9.48,3.85,38.62,0.0,0.75
2021,12,14,13.33,1.8,20.0,7.98,4.39,46.38,0.0,1.12
2021,12,15,12.13,1.98,19.82,7.62,4.46,52.06,0.0,1.84
2021,12,16,10.21,1.33,18.83,5.33,4.21,57.06,0.0,2.52
2021,12,17,8.88,-1.94,17.98,3.08,3.36,50.69,0.0,3.46
2021,12,18,8.15,-3.11,17.75,2.4,3.05,48.25,0.0,3.16
2021,12,19,8.28,-3.71,17.48,1.18,2.93,46.12,0.0,2.53
2021,12,20,10.62,-3.29,19.23,3.14,3.05,40.44,0.0,1.86
2021,12,21,12.44,-3.85,19.43,6.57,2.87,32.94,0.0,1.3
2021,12,22,12.66,-1.66,19.23,7.37,3.42,37.81,0.0,1.47
2021,12,23,13.58,1.76,22.01,7.85,4.39,46.5,0.0,1.75
2021,12,24,13.87,4.47,21.01,9.6,5.31,54.38,0.0,1.65
2021,12,25,14.89,4.09,21.9,9.3,5.19,50.75,0.0,1.13
2021,12,26,15.05,3.85,20.58,10.06,5.07,48.19,0.02,1.25
2021,12,27,12.55,5.13,20.37,7.07,5.55,63.25,0.03,2.08
2021,12,28,11.77,4.21,20.45,6.1,5.19,63.25,0.0,3.0
2021,12,29,10.8,1.28,20.14,4.19,4.21,56.5,0.0,2.88
2021,12,30,10.7,-0.42,17.08,5.4,3.72,47.62,0.0,1.39
2021,12,31,12.04,-0.24,19.48,6.34,3.78,44.06,0.0,1.77
2022,1,1,12.43,0.08,19.88,7.08,3.85,44.12,0.0,1.67
2022,1,2,12.92,0.85,20.76,7.69,4.09,45.62,0.0,2.16
2022,1,3,13.75,3.62,22.4,8.42,5.0,52.69,0.0,2.29
2022,1,4,12.59,7.04,17.65,9.81,6.35,69.25,1.13,2.62
2022,1,5,12.47,11.01,14.91,10.57,8.3,90.81,33.15,1.43
2022,1,6,13.96,11.13,18.83,10.88,8.36,84.06,1.87,2.8
2022,1,7,14.39,12.16,18.33,12.46,8.97,87.0,13.8,3.59
2022,1,8,13.58,11.55,16.43,9.05,8.67,87.88,39.77,4.7
2022,1,9,11.25,8.22,16.6,6.83,6.84,82.62,0.09,1.92
2022,1,10,10.94,6.11,16.63,7.06,5.92,74.25,0.1,1.68
2022,1,11,9.84,5.42,17.75,4.32,5.68,76.75,0.0,2.55
2022,1,12,11.16,4.99,18.73,4.91,5.55,67.56,0.0,1.65
2022,1,13,12.33,5.53,18.76,6.46,5.74,64.31,0.0,1.31
2022,1,14,11.64,5.97,18.38,6.44,5.86,69.81,0.0,1.93
2022,1,15,11.94,4.88,19.52,5.05,5.43,64.38,0.0,1.67
2022,1,16,12.37,3.56,19.2,6.83,4.94,56.81,0.0,1.94
2022,1,17,10.89,3.51,16.89,7.19,4.94,61.38,0.0,1.73
2022,1,18,11.9,5.36,19.83,5.83,5.62,66.62,0.0,2.28
2022,1,19,11.69,8.53,16.12,8.64,7.02,81.5,2.26,1.73
2022,1,20,12.25,8.88,18.57,6.76,7.2,80.62,0.25,2.04
2022,1,21,12.73,7.51,18.78,8.55,6.59,72.31,0.14,1.61
2022,1,22,11.13,9.04,15.81,7.63,7.32,87.62,12.4,3.84
2022,1,23,11.6,10.15,14.38,9.72,7.87,91.12,14.28,1.62
2022,1,24,10.96,8.47,15.33,7.44,7.02,85.38,0.25,1.86
2022,1,25,10.41,6.95,16.4,5.28,6.29,79.69,0.03,2.16
2022,1,26,10.48,4.84,16.9,4.68,5.43,70.38,0.01,1.94
2022,1,27,10.56,3.05,18.84,4.19,4.82,61.88,0.0,2.86
2022,1,28,10.71,2.73,19.02,3.39,4.7,60.38,0.0,2.65
2022,1,29,12.26,3.46,19.67,7.35,4.94,56.12,0.0,1.77
2022,1,30,11.94,5.37,20.8,5.01,5.68,66.19,0.0,3.07
2022,1,31,14.24,6.07,21.54,7.91,5.98,59.62,0.0,1.68
2022,2,1,13.15,6.45,20.94,7.99,6.16,65.25,0.0,2.18
2022,2,2,12.97,6.06,20.87,6.63,5.98,65.94,0.09,2.07
2022,2,3,11.34,9.05,13.83,9.04,7.32,85.94,8.51,2.1
2022,2,4,11.04,7.37,17.01,6.17,6.53,79.5,0.3,1.35
2022,2,5,12.25,5.2,18.84,5.77,5.62,65.69,0.0,1.41
2022,2,6,13.09,4.47,19.92,7.11,5.31,58.06,0.0,1.79
2022,2,7,13.51,6.73,21.3,8.29,6.23,65.88,0.0,2.09
2022,2,8,13.68,5.58,20.76,6.52,5.74,61.38,0.0,2.3
2022,2,9,14.17,5.79,20.85,9.45,5.8,58.44,0.0,2.46
2022,2,10,12.83,5.36,21.58,7.12,5.62,63.19,0.0,2.83
2022,2,11,12.17,4.16,21.11,4.14,5.19,61.31,0.0,3.18
2022,2,12,14.37,4.09,22.79,7.0,5.19,52.81,0.0,1.84
2022,2,13,14.76,5.08,23.38,7.15,5.55,55.0,0.0,1.85
2022,2,14,15.05,6.29,21.73,9.33,6.04,57.81,0.0,1.69
2022,2,15,15.74,7.44,22.81,10.25,6.53,59.62,0.0,1.2
2022,2,16,15.8,8.84,23.32,10.6,7.2,65.75,0.0,1.89
2022,2,17,16.44,7.72,24.28,10.24,6.65,60.19,0.0,1.57
2022,2,18,15.73,7.56,24.61,9.81,6.59,61.31,0.0,2.38
2022,2,19,15.67,6.82,24.37,9.25,6.29,59.19,0.0,2.67
2022,2,20,15.15,6.4,24.87,7.78,6.1,59.44,0.0,3.53
2022,2,21,16.19,3.46,24.88,8.22,5.0,45.69,0.0,1.48
2022,2,22,17.06,6.43,25.72,9.45,6.16,52.25,1.46,6.05
2022,2,23,16.0,9.69,23.59,9.18,7.63,69.81,0.01,2.34
2022,2,24,16.63,9.62,24.26,11.28,7.57,66.75,0.02,2.34
2022,2,25,16.71,10.26,24.56,10.98,7.87,69.19,1.59,2.77
2022,2,26,14.04,11.29,18.79,11.1,8.42,84.31,10.21,2.84
2022,2,27,14.23,8.2,22.55,7.8,6.84,70.69,0.02,2.88
2022,2,28,13.89,6.18,21.61,5.83,5.98,63.94,0.0,2.94
2022,3,1,17.4,8.32,25.19,11.25,6.9,57.69,0.0,2.09
2022,3,2,17.56,9.39,24.19,11.92,7.45,60.75,0.61,1.95
2022,3,3,16.07,11.97,22.26,12.44,8.85,78.5,5.27,2.69
2022,3,4,15.87,10.37,23.69,9.06,7.93,72.56,0.0,3.09
2022,3,5,17.2,8.43,26.12,8.69,6.96,60.62,0.0,2.77
2022,3,6,19.8,10.46,27.47,15.19,8.06,56.12,0.05,1.86
2022,3,7,19.93,11.26,28.12,13.75,8.42,59.81,0.43,2.73
2022,3,8,19.23,8.68,28.48,11.46,7.08,54.56,0.0,2.74
2022,3,9,20.18,10.09,29.69,12.94,7.81,56.19,0.0,2.84
2022,3,10,20.6,11.71,28.43,13.41,8.73,59.81,0.0,3.25
2022,3,11,21.83,10.4,30.9,14.68,8.0,52.44,0.0,2.68
2022,3,12,21.83,12.0,31.33,14.29,8.91,57.38,0.0,3.02
2022,3,13,24.17,13.58,33.3,16.36,9.89,56.25,0.0,2.41
2022,3,14,26.23,13.44,35.08,18.79,9.83,48.38,0.0,1.88
2022,3,15,25.95,13.47,35.14,19.5,9.83,49.12,0.0,2.57
2022,3,16,24.86,12.65,36.29,16.12,9.34,52.69,0.0,4.06
2022,3,17,26.84,11.63,38.19,15.67,8.73,44.19,0.0,2.69
2022,3,18,26.4,14.15,36.3,18.01,10.31,50.81,0.0,3.57
2022,3,19,27.03,15.26,36.31,18.8,11.11,52.56,0.0,2.48
2022,3,20,27.87,13.81,36.69,20.32,10.13,46.06,0.0,1.79
2022,3,21,27.21,13.7,36.3,20.37,10.01,47.38,0.0,2.69
2022,3,22,25.96,9.89,35.94,18.73,7.81,40.81,0.0,3.66
2022,3,23,26.4,8.81,36.43,17.9,7.32,38.06,0.0,2.19
2022,3,24,26.1,7.81,35.05,20.05,6.84,35.06,0.0,2.31
2022,3,25,25.15,9.66,35.24,16.48,7.75,43.5,0.0,3.59
2022,3,26,25.01,6.74,36.72,14.97,6.41,38.25,0.0,4.02
2022,3,27,27.58,6.32,38.42,18.77,6.16,31.06,0.0,1.81
2022,3,28,26.98,5.05,38.68,17.38,5.68,28.81,0.0,3.24
2022,3,29,28.51,5.69,39.06,18.57,5.92,26.88,0.0,2.02
2022,3,30,28.79,6.05,39.18,20.14,6.1,27.56,0.0,2.5
2022,3,31,27.85,5.83,38.65,20.25,5.92,28.19,0.0,2.63
2022,4,1,28.19,4.95,38.9,16.48,5.62,27.56,0.0,2.64
2022,4,2,28.92,1.89,39.41,20.15,4.52,20.31,0.0,3.23
2022,4,3,27.16,2.69,39.35,16.41,4.82,25.12,0.0,2.73
2022,4,4,28.23,4.56,39.76,18.22,5.49,27.38,0.0,3.89
2022,4,5,29.25,4.35,39.67,21.25,5.43,24.62,0.0,2.23
2022,4,6,30.62,4.89,40.01,22.31,5.55,22.25,0.0,2.34
2022,4,7,31.44,4.39,41.33,22.09,5.43,21.25,0.0,1.91
2022,4,8,31.51,4.69,42.29,22.65,5.55,21.88,0.0,2.22
2022,4,9,31.9,5.48,42.4,22.91,5.86,22.38,0.0,2.37
2022,4,10,32.0,7.18,42.82,23.48,6.53,24.56,0.0,3.21
2022,4,11,33.09,6.96,43.08,24.13,6.53,23.5,0.0,2.06
2022,4,12,32.33,6.04,41.33,25.74,6.04,21.38,0.0,3.3
2022,4,13,31.01,6.37,40.03,21.77,6.23,24.5,0.0,2.21
2022,4,14,31.71,7.13,41.03,22.76,6.59,25.69,0.0,2.49
2022,4,15,30.76,6.26,38.89,21.85,6.16,24.31,0.0,1.84
2022,4,16,31.84,6.03,39.64,23.06,6.04,22.0,0.0,1.47
2022,4,17,31.76,3.9,41.15,23.79,5.25,19.62,0.0,2.15
2022,4,18,33.36,5.23,42.6,25.02,5.68,19.0,0.0,2.36
2022,4,19,32.95,8.22,42.05,23.83,7.02,24.56,0.0,2.38
2022,4,20,33.19,9.62,41.44,25.21,7.63,25.62,0.0,3.62
2022,4,21,31.27,9.22,38.52,26.05,7.51,27.5,0.01,3.49
2022,4,22,30.41,6.94,38.15,23.28,6.41,25.5,0.24,3.26
2022,4,23,30.76,6.47,39.73,21.9,6.16,24.44,0.0,3.42
2022,4,24,31.55,6.8,40.75,22.27,6.29,23.56,0.0,3.89
2022,4,25,32.64,7.54,41.51,24.53,6.65,23.38,0.0,3.09
2022,4,26,33.14,4.88,41.76,25.83,5.55,19.06,0.0,2.74
2022,4,27,34.34,2.61,44.19,24.87,4.7,15.19,0.0,3.44
2022,4,28,36.68,3.47,45.76,26.78,5.0,14.12,0.0,1.73
2022,4,29,35.69,4.43,44.12,27.14,5.31,15.5,0.0,2.42
2022,4,30,36.3,5.97,45.18,28.55,5.98,16.75,0.0,2.21
2022,5,1,36.69,5.15,44.69,27.04,5.68,15.88,0.0,1.62
2022,5,2,35.4,4.01,44.56,25.62,5.19,15.12,0.0,3.46
2022,5,3,34.5,6.11,42.01,26.62,6.04,18.62,0.19,2.72
2022,5,4,32.76,10.77,38.81,26.76,8.36,26.81,2.84,3.75
2022,5,5,32.25,12.59,40.0,24.44,9.34,32.94,0.07,2.73
2022,5,6,33.48,11.87,41.27,25.7,8.85,29.0,0.51,2.06
2022,5,7,34.87,9.26,42.84,27.88,7.45,22.81,0.11,2.83
2022,5,8,36.1,8.17,44.37,27.56,6.96,19.75,0.0,1.46
2022,5,9,35.88,9.51,44.01,27.73,7.63,21.25,0.0,3.99
2022,5,10,35.4,11.94,43.15,27.62,8.97,26.25,0.45,2.88
2022,5,11,36.4,10.67,44.45,28.59,8.24,22.31,0.0,2.7
2022,5,12,37.68,5.82,46.54,29.59,5.98,16.06,0.0,2.06
2022,5,13,37.31,3.68,46.22,29.04,5.13,13.69,0.0,3.36
2022,5,14,37.42,0.16,47.56,27.25,3.91,10.44,0.0,4.46
2022,5,15,38.43,-0.06,47.82,30.31,3.78,9.5,0.0,3.11
2022,5,16,36.46,3.88,44.8,28.05,5.31,13.88,0.01,3.33
2022,5,17,37.66,7.87,43.95,30.1,6.84,17.19,0.0,1.45
2022,5,18,36.62,6.98,43.71,29.19,6.41,16.94,0.0,2.71
2022,5,19,38.3,6.27,46.12,29.12,6.04,14.94,0.0,2.16
2022,5,20,37.52,5.2,46.09,29.72,5.68,15.0,0.03,3.38
2022,5,21,36.29,8.19,44.01,28.14,7.14,20.5,0.01,3.73
2022,5,22,36.32,4.35,43.37,27.53,5.43,15.31,0.0,2.71
2022,5,23,32.34,9.22,39.76,23.05,7.75,27.44,7.24,7.02
2022,5,24,26.74,15.32,31.93,22.74,11.11,51.0,0.86,5.09
2022,5,25,30.26,14.74,37.79,21.51,10.74,42.56,0.0,1.73
2022,5,26,33.93,13.41,40.9,25.6,9.89,30.94,0.0,1.86
2022,5,27,36.31,13.54,43.23,28.07,9.95,27.06,0.0,1.78
2022,5,28,37.51,13.69,44.4,30.47,10.13,25.69,2.09,1.9
2022,5,29,36.7,14.21,43.44,30.65,10.56,28.38,0.46,2.57
2022,5,30,35.77,12.9,42.84,28.41,9.58,27.31,0.25,4.46
2022,5,31,36.26,11.76,42.76,29.09,8.85,24.19,0.03,2.13
2022,6,1,36.45,8.61,43.99,27.44,7.26,20.88,0.14,2.47
2022,6,2,36.38,4.37,44.76,27.56,5.31,14.94,0.0,2.8
2022,6,3,37.17,2.96,44.99,28.08,4.82,13.06,0.0,2.61
2022,6,4,38.34,1.15,45.38,30.51,4.21,10.31,0.0,1.66
2022,6,5,38.1,0.28,46.22,30.2,3.91,9.94,0.0,2.29
2022,6,6,38.26,2.41,46.4,29.26,4.64,11.38,0.0,3.62
2022,6,7,38.84,4.3,47.1,29.72,5.31,12.44,0.0,3.48
2022,6,8,38.65,4.58,46.81,30.39,5.43,12.81,0.0,4.59
2022,6,9,38.83,5.77,47.19,29.87,5.92,14.5,0.0,3.38
2022,6,10,39.25,8.66,46.5,32.12,7.26,16.62,0.0,2.8
2022,6,11,39.39,8.1,46.8,30.74,7.02,16.25,0.0,3.29
2022,6,12,39.5,11.54,45.69,32.24,8.79,19.5,0.09,3.11
2022,6,13,39.04,11.69,45.66,32.85,8.79,20.31,0.88,2.98
2022,6,14,39.19,14.01,46.13,31.69,10.25,23.44,0.0,3.25
2022,6,15,39.89,15.64,46.55,33.16,11.6,25.94,0.0,5.01
2022,6,16,39.22,14.96,44.76,32.53,10.93,24.62,1.23,3.54
2022,6,17,34.41,19.39,36.89,31.07,14.65,42.5,14.45,1.65
2022,6,18,31.12,21.47,34.01,28.16,16.48,57.06,23.79,2.26
2022,6,19,31.15,19.31,35.75,26.51,14.47,51.06,1.46,1.51
2022,6,20,31.84,18.58,35.59,27.26,13.85,47.0,3.48,1.48
2022,6,21,29.06,18.57,32.07,25.87,13.92,54.94,14.71,3.52
2022,6,22,29.62,20.91,34.66,24.97,15.93,62.31,11.04,2.09
2022,6,23,31.05,16.38,38.58,23.98,12.02,45.69,0.0,3.52
2022,6,24,32.69,14.62,40.24,23.56,10.74,37.06,0.0,2.22
2022,6,25,35.0,13.51,41.58,28.7,10.01,29.31,0.0,1.67
2022,6,26,35.53,15.65,41.95,27.98,11.54,32.19,0.0,1.2
2022,6,27,36.04,17.81,41.93,28.93,13.18,36.19,0.0,1.52
2022,6,28,37.33,19.48,43.76,30.42,14.65,37.12,0.0,1.67
2022,6,29,37.9,19.36,44.4,31.23,14.65,36.56,0.02,2.25
2022,6,30,36.28,21.34,41.3,31.44,16.48,43.31,1.63,2.77
2022,7,1,30.23,23.82,32.54,27.96,19.04,69.0,18.03,3.39
2022,7,2,33.13,23.01,38.58,27.01,18.19,57.75,0.32,1.27
2022,7,3,33.51,23.76,37.23,29.79,18.98,57.62,2.61,2.67
2022,7,4,32.8,23.72,36.91,29.3,18.98,59.94,1.4,1.85
2022,7,5,35.2,23.94,40.16,30.16,19.29,53.75,2.58,0.99
2022,7,6,34.58,24.15,38.7,30.86,19.53,56.38,5.68,2.39
2022,7,7,34.62,23.75,39.56,29.94,18.98,55.19,0.92,1.41
2022,7,8,35.86,23.4,41.09,30.18,18.68,51.06,1.63,1.56
2022,7,9,35.74,23.19,40.33,31.08,18.43,50.06,0.92,0.99
2022,7,10,32.44,24.31,36.0,29.53,19.65,63.12,5.64,2.05
2022,7,11,33.87,22.45,39.4,28.75,17.64,54.12,0.26,2.31
2022,7,12,35.19,21.96,40.24,29.26,17.09,48.31,0.94,1.28
2022,7,13,35.04,23.73,39.74,30.24,19.04,53.69,4.33,2.52
2022,7,14,31.92,24.74,34.52,28.39,20.14,66.31,38.97,1.38
2022,7,15,29.03,25.33,32.04,26.2,20.81,80.88,43.01,2.66
2022,7,16,31.31,24.86,35.87,26.33,20.26,70.44,7.47,1.76
2022,7,17,31.11,24.96,34.33,27.83,20.32,70.88,2.68,2.25
2022,7,18,32.48,24.22,37.69,27.01,19.47,63.56,0.03,1.32
2022,7,19,33.09,25.3,38.27,28.08,20.81,65.62,1.59,2.42
2022,7,20,33.13,26.11,37.92,28.42,21.91,68.5,15.38,3.19
2022,7,21,30.19,26.24,33.0,27.44,22.03,79.94,49.5,3.26
2022,7,22,30.14,26.03,32.94,26.86,21.73,79.38,11.05,2.34
2022,7,23,29.44,26.05,32.08,27.12,21.73,82.62,12.54,2.05
2022,7,24,28.76,25.7,32.0,26.56,21.24,84.19,4.25,2.75
2022,7,25,29.31,25.07,32.44,25.55,20.45,78.88,2.07,2.1
2022,7,26,30.15,25.45,33.67,26.73,20.87,77.12,1.57,1.34
2022,7,27,30.27,25.81,33.9,26.26,21.36,78.19,6.02,1.89
2022,7,28,30.19,25.66,34.12,26.21,21.18,77.81,2.9,2.48
2022,7,29,29.31,26.0,32.78,26.51,21.61,83.25,16.24,2.25
2022,7,30,29.7,25.93,33.62,25.9,21.61,81.31,9.35,2.14
2022,7,31,29.49,26.46,32.69,26.8,22.34,84.5,11.21,2.62
2022,8,1,29.16,26.15,32.17,26.79,21.91,84.5,11.75,1.66
2022,8,2,30.07,25.87,34.22,25.54,21.55,79.31,0.3,1.91
2022,8,3,31.74,26.15,35.51,28.47,21.91,73.06,0.34,1.79
2022,8,4,30.54,25.8,33.99,26.83,21.42,76.75,1.53,1.66
2022,8,5,29.3,25.74,31.95,26.19,21.36,81.75,7.46,2.38
2022,8,6,29.62,26.06,32.94,26.51,21.79,81.94,19.99,1.21
2022,8,7,29.78,26.19,32.83,26.99,21.97,81.75,14.34,1.58
2022,8,8,29.04,26.05,31.26,26.37,21.79,84.25,15.54,1.91
2022,8,9,30.26,26.65,33.78,27.05,22.58,81.56,12.87,1.27
2022,8,10,31.3,26.45,35.59,27.06,22.34,76.81,2.78,1.38
2022,8,11,28.3,25.18,32.27,24.26,20.63,83.88,5.81,4.61
2022,8,12,29.39,23.69,35.44,23.32,18.92,73.5,0.66,1.71
2022,8,13,30.62,25.81,35.51,25.8,21.48,77.19,0.0,1.34
2022,8,14,30.3,26.05,34.34,26.36,21.73,79.12,0.79,2.31
2022,8,15,27.48,25.49,29.47,25.22,21.0,89.0,16.97,3.3
2022,8,16,28.54,24.17,32.58,24.29,19.41,78.25,0.29,1.97
2022,8,17,28.65,24.8,32.7,25.08,20.14,80.31,1.78,3.66
2022,8,18,30.02,25.4,33.92,26.48,20.94,77.38,1.32,1.55
2022,8,19,29.64,25.19,34.0,26.06,20.69,78.19,0.79,3.45
2022,8,20,28.87,24.74,32.92,25.01,20.08,79.44,16.05,2.98
2022,8,21,29.83,24.8,33.8,25.52,20.14,75.81,2.93,1.87
2022,8,22,30.78,24.98,35.35,25.91,20.45,72.81,0.1,1.06
2022,8,23,30.5,25.9,34.0,27.56,21.55,77.12,6.91,1.66
2022,8,24,28.76,24.96,32.23,26.08,20.32,80.81,4.82,4.45
2022,8,25,28.76,25.12,32.24,25.74,20.51,81.56,13.96,2.87
2022,8,26,29.23,24.15,33.6,25.24,19.35,75.25,0.27,1.93
2022,8,27,29.06,24.74,33.44,25.19,20.08,78.75,0.01,3.19
2022,8,28,29.24,24.82,33.77,25.29,20.14,78.19,12.78,3.05
2022,8,29,28.95,25.24,32.77,25.37,20.63,81.25,25.14,2.2
2022,8,30,29.16,25.28,33.48,25.42,20.63,80.62,6.09,2.3
2022,8,31,29.77,24.83,34.54,24.99,20.14,76.12,0.93,2.09
2022,9,1,30.38,24.41,34.91,25.44,19.65,71.94,0.19,2.09
2022,9,2,30.06,24.15,34.72,24.8,19.35,71.88,2.66,2.41
2022,9,3,29.74,24.12,34.45,25.0,19.35,73.06,2.75,2.48
2022,9,4,29.48,24.37,33.94,24.45,19.65,75.31,3.22,2.29
2022,9,5,28.88,24.15,32.87,25.15,19.35,76.75,5.77,2.37
2022,9,6,29.05,23.96,32.94,25.87,19.1,75.0,6.12,1.2
2022,9,7,29.59,23.01,33.93,25.39,18.01,68.81,0.09,0.78
2022,9,8,30.1,23.37,34.58,25.14,18.37,68.19,0.28,1.05
2022,9,9,30.07,23.52,35.06,24.71,18.55,69.31,0.65,1.64
2022,9,10,30.49,23.48,35.04,26.12,18.55,67.75,2.13,1.32
2022,9,11,29.33,23.5,34.19,24.92,18.62,72.44,3.52,1.66
2022,9,12,28.5,23.89,33.53,24.71,19.04,77.56,8.76,1.65
2022,9,13,29.41,23.35,34.42,25.19,18.43,71.44,0.0,0.97
2022,9,14,29.84,23.78,33.98,25.62,18.92,71.0,0.29,1.22
2022,9,15,29.29,23.05,34.01,24.76,18.13,70.94,1.46,1.95
2022,9,16,28.82,22.3,33.76,23.73,17.4,69.69,5.58,1.93
2022,9,17,28.78,22.23,35.27,23.48,17.27,70.25,2.8,2.42
2022,9,18,28.63,22.65,34.11,23.77,17.64,72.0,1.17,1.75
2022,9,19,29.17,22.28,34.97,23.75,17.27,68.5,0.0,1.62
2022,9,20,29.03,22.27,34.73,23.57,17.27,69.25,1.13,1.73
2022,9,21,29.58,22.48,34.96,25.5,17.46,67.69,0.61,1.94
2022,9,22,29.3,22.87,35.15,24.56,17.88,70.19,0.87,1.59
2022,9,23,29.03,23.11,33.3,25.69,18.19,71.62,14.64,1.28
2022,9,24,27.56,23.05,32.02,24.07,18.13,77.88,8.19,1.9
2022,9,25,26.51,22.01,31.75,23.32,17.03,78.0,7.01,2.83
2022,9,26,27.69,20.95,32.8,22.68,15.81,68.69,0.31,1.55
2022,9,27,27.8,20.5,33.18,22.21,15.44,66.31,3.91,1.62
2022,9,28,27.8,20.68,33.83,22.08,15.62,67.44,0.51,1.64
2022,9,29,27.71,20.54,34.26,22.26,15.5,67.56,0.0,1.96
2022,9,30,27.87,19.9,34.52,22.05,14.89,65.19,0.0,1.85
2022,10,1,27.76,18.21,35.13,21.37,13.43,60.06,0.0,1.8
2022,10,2,27.98,17.55,35.45,21.31,12.88,56.69,0.0,1.77
2022,10,3,28.07,18.19,35.57,21.8,13.37,58.25,0.0,1.97
2022,10,4,28.18,18.31,35.26,22.79,13.49,57.81,0.0,1.67
2022,10,5,28.15,17.27,35.66,22.67,12.7,55.5,0.0,1.55
2022,10,6,26.67,16.42,34.55,19.94,11.96,56.62,0.0,2.66
2022,10,7,26.19,17.84,33.29,19.89,13.06,63.88,0.0,1.94
2022,10,8,26.05,18.97,31.73,20.65,13.98,67.69,0.04,1.73
2022,10,9,26.64,19.01,32.77,21.03,14.04,66.69,0.0,1.8
2022,10,10,26.18,19.62,31.14,21.85,14.53,69.12,3.58,1.77
2022,10,11,25.15,19.08,31.28,20.04,14.1,71.75,4.99,1.77
2022,10,12,24.52,17.95,30.38,19.45,13.12,69.44,1.0,1.68
2022,10,13,24.9,17.12,32.02,19.23,12.45,65.44,0.0,1.83
2022,10,14,24.8,16.19,31.77,19.37,11.72,61.69,0.0,1.88
2022,10,15,25.05,14.26,32.91,18.54,10.38,54.81,0.0,2.18
2022,10,16,24.48,13.02,33.92,17.4,9.64,54.94,0.0,2.02
2022,10,17,23.95,11.67,33.55,17.15,8.79,51.44,0.0,2.13
2022,10,18,24.01,11.33,33.78,16.3,8.61,50.12,0.0,2.34
2022,10,19,23.65,11.87,32.86,16.83,8.91,51.94,0.0,2.73
2022,10,20,23.14,13.73,31.43,17.0,10.01,58.81,1.08,3.89
2022,10,21,22.91,14.12,30.9,17.4,10.19,61.25,0.3,2.41
2022,10,22,21.9,9.4,30.98,15.89,7.51,49.56,0.0,2.08
2022,10,23,22.43,9.2,31.37,17.04,7.39,45.69,0.0,1.91
2022,10,24,23.05,10.48,32.12,16.73,8.06,48.12,0.0,2.34
2022,10,25,23.66,10.81,32.8,17.75,8.3,48.12,0.0,2.56
2022,10,26,23.83,11.24,32.65,18.09,8.48,48.81,0.0,1.68
2022,10,27,23.69,11.18,32.65,18.16,8.48,48.88,0.0,1.84
2022,10,28,24.23,11.23,32.27,17.71,8.54,48.31,0.0,1.48
2022,10,29,24.23,8.82,31.98,17.55,7.2,40.44,0.0,1.52
2022,10,30,23.48,8.98,32.87,18.3,7.32,42.62,0.0,2.2
2022,10,31,22.55,11.08,32.33,15.11,8.36,52.12,0.0,2.5
2022,11,1,23.08,12.03,32.73,16.28,8.91,53.0,0.0,2.83
2022,11,2,22.77,12.8,31.98,16.3,9.4,57.19,0.0,2.93
2022,11,3,22.79,13.09,30.21,16.92,9.58,57.38,0.0,2.2
2022,11,4,23.73,12.9,32.76,17.98,9.46,53.44,0.0,2.03
2022,11,5,22.48,15.26,29.77,16.55,10.99,66.0,0.01,3.61
2022,11,6,21.15,18.15,25.94,17.65,13.18,84.0,3.68,2.96
2022,11,7,21.78,15.21,29.08,16.98,10.99,70.0,0.07,1.81
2022,11,8,21.99,11.86,30.16,15.79,8.91,57.94,0.03,1.92
2022,11,9,21.16,10.18,27.98,16.66,7.87,52.31,0.05,1.41
2022,11,10,18.32,10.83,24.14,15.23,8.18,62.44,0.29,2.44
2022,11,11,18.73,8.69,27.93,11.94,7.14,57.62,0.0,3.22
2022,11,12,18.9,7.26,28.58,12.01,6.47,50.81,0.0,3.2
2022,11,13,19.01,7.01,26.8,13.9,6.35,48.06,0.0,2.15
2022,11,14,18.1,12.9,22.94,14.87,9.46,72.75,5.99,3.18
2022,11,15,17.57,11.47,25.17,12.68,8.54,70.69,0.57,2.66
2022,11,16,16.86,10.24,24.15,10.97,7.87,68.44,0.0,2.77
2022,11,17,17.26,7.95,25.58,11.16,6.77,58.75,0.0,3.27
2022,11,18,17.05,5.43,24.66,11.0,5.74,51.19,0.0,1.35
2022,11,19,16.98,4.87,25.76,11.3,5.49,48.12,0.0,2.34
2022,11,20,16.91,7.01,26.36,10.33,6.35,55.31,0.0,3.48
2022,11,21,16.37,6.2,26.69,8.9,6.04,56.94,0.0,2.85
2022,11,22,16.16,4.65,26.67,8.91,5.43,52.06,0.0,3.23
2022,11,23,16.18,3.19,27.16,9.09,4.88,47.19,0.0,3.04
2022,11,24,17.37,2.81,26.68,10.58,4.76,41.62,0.0,2.04
2022,11,25,18.24,3.38,28.1,12.72,4.94,40.0,0.0,1.98
2022,11,26,17.35,4.99,26.98,10.96,5.55,47.56,0.0,2.13
2022,11,27,17.8,4.76,25.32,12.23,5.43,44.25,0.0,1.43
2022,11,28,17.57,5.12,25.65,11.39,5.55,45.88,0.0,1.45
2022,11,29,17.68,5.9,25.98,12.3,5.86,47.94,0.0,1.66
2022,11,30,17.48,5.62,26.23,11.93,5.74,48.31,0.0,1.87
2022,12,1,18.49,5.15,26.32,12.27,5.55,43.44,0.0,1.55
2022,12,2,18.58,4.16,25.37,13.7,5.25,39.75,0.0,1.12
2022,12,3,16.58,4.62,24.84,12.23,5.37,47.19,0.0,1.76
2022,12,4,16.45,5.68,25.11,11.62,5.8,51.12,0.0,2.25
2022,12,5,17.29,4.21,24.7,12.12,5.25,43.75,0.0,1.35
2022,12,6,15.98,3.56,25.84,10.19,5.0,46.75,0.0,3.11
2022,12,7,15.38,4.3,25.36,8.48,5.25,51.5,0.0,3.27
2022,12,8,16.44,5.6,24.22,10.58,5.74,52.12,0.0,1.48
2022,12,9,18.73,5.58,27.13,13.08,5.74,44.19,0.01,1.36
2022,12,10,18.94,7.05,26.98,14.12,6.35,48.31,0.02,1.81
2022,12,11,17.78,6.33,27.19,13.04,6.04,49.75,0.0,2.8
2022,12,12,16.18,5.22,25.41,11.01,5.62,52.12,0.0,2.71
2022,12,13,15.76,4.96,25.55,9.88,5.49,51.94,0.0,3.96
2022,12,14,13.94,2.73,24.11,6.83,4.7,50.94,0.0,3.63
2022,12,15,13.9,0.58,23.81,7.25,4.09,45.25,0.0,3.19
2022,12,16,15.46,-0.35,24.05,8.34,3.78,37.06,0.0,1.73
2022,12,17,16.56,0.23,24.99,11.01,3.97,34.5,0.0,1.77
2022,12,18,16.48,1.8,24.57,10.28,4.39,39.25,0.0,1.34
2022,12,19,15.8,1.85,24.22,9.98,4.46,41.38,0.0,1.45
2022,12,20,14.94,2.19,23.3,10.3,4.52,44.12,0.0,1.95
2022,12,21,13.8,2.2,22.8,8.94,4.52,48.62,0.0,2.17
2022,12,22,13.38,1.31,21.84,7.88,4.27,46.81,0.0,1.93
2022,12,23,13.19,-0.02,20.9,7.4,3.85,42.75,0.0,1.63
2022,12,24,10.64,-2.47,19.08,5.15,3.17,41.56,0.0,3.04
2022,12,25,10.67,-0.92,19.03,4.22,3.6,47.31,0.0,2.55
2022,12,26,11.18,-0.41,20.23,6.08,3.72,48.0,0.0,2.48
2022,12,27,11.31,0.22,21.52,4.52,3.91,50.75,0.0,3.5
2022,12,28,12.83,0.25,22.75,5.1,3.91,46.06,0.0,3.03
2022,12,29,15.56,7.93,21.8,11.04,6.77,61.94,1.38,1.89
2022,12,30,13.89,8.14,21.04,9.21,6.84,71.25,0.39,2.62
2022,12,31,11.84,4.85,20.67,5.34,5.43,66.69,0.0,3.2
2023,1,1,11.95,1.26,18.56,7.26,4.27,51.44,0.0,1.64
2023,1,2,12.25,-1.51,20.08,6.71,3.42,40.31,0.0,1.48
2023,1,3,11.41,-2.68,19.16,5.83,3.11,39.19,0.0,2.16
2023,1,4,10.18,-2.35,19.43,4.45,3.23,43.62,0.0,2.52
2023,1,5,10.64,-4.12,20.05,3.15,2.81,38.0,0.0,2.31
2023,1,6,10.92,-5.41,18.78,4.73,2.56,32.0,0.0,1.59
2023,1,7,12.08,-2.3,21.77,5.81,3.23,39.44,0.0,2.91
2023,1,8,11.37,0.65,18.82,5.79,4.03,50.31,0.0,2.73
2023,1,9,11.16,4.81,17.82,5.91,5.43,67.06,0.0,2.48
2023,1,10,12.98,5.6,21.58,6.83,5.74,63.69,0.0,2.6
2023,1,11,14.23,6.94,20.59,10.55,6.35,63.56,0.83,1.88
2023,1,12,14.61,7.19,22.85,8.14,6.47,66.5,0.85,3.31
2023,1,13,11.58,5.02,19.18,4.45,5.86,67.56,3.79,2.67
2023,1,14,7.54,-5.2,17.21,0.32,2.62,45.06,0.0,3.05
2023,1,15,8.19,-2.6,18.16,0.8,3.17,52.0,0.0,2.97
2023,1,16,8.9,-4.74,19.01,2.15,2.75,44.5,0.0,2.73
2023,1,17,9.23,-5.1,19.31,2.13,2.69,41.25,0.0,2.84
2023,1,18,10.15,-2.45,18.43,4.62,3.23,43.5,0.0,2.14
2023,1,19,12.72,-2.5,21.54,6.44,3.23,38.25,0.03,1.59
2023,1,20,10.19,5.51,15.24,7.25,5.68,74.25,1.36,2.72
2023,1,21,10.83,4.39,19.33,4.27,5.25,68.94,0.03,2.12
2023,1,22,11.7,2.2,20.13,4.84,4.52,57.0,0.0,2.67
2023,1,23,11.63,2.33,18.78,7.34,4.58,54.19,0.0,3.14
2023,1,24,12.72,4.98,20.69,6.57,5.55,63.5,2.61,1.78
2023,1,25,11.82,3.53,19.6,7.09,5.07,61.31,0.92,1.95
2023,1,26,11.28,1.89,20.87,6.19,4.52,60.25,0.03,2.25
2023,1,27,11.28,0.0,21.76,3.05,3.85,52.62,0.0,2.79
2023,1,28,12.74,-1.18,23.24,5.38,3.54,43.81,0.0,2.45
2023,1,29,11.44,1.96,17.83,4.61,4.7,55.88,2.89,3.85
2023,1,30,13.72,9.64,21.28,9.32,7.57,79.94,4.43,4.33
2023,1,31,13.3,7.49,22.29,8.49,6.53,72.81,0.96,2.23
2023,2,1,12.84,3.33,23.94,4.86,4.94,60.69,0.0,3.49
2023,2,2,14.42,2.66,25.73,6.41,4.7,49.81,0.0,3.41
2023,2,3,14.54,4.84,24.78,8.02,5.43,56.94,0.0,2.74
2023,2,4,15.92,6.9,26.81,7.94,6.29,60.12,0.0,3.61
2023,2,5,17.12,4.31,26.48,8.27,5.37,50.81,0.0,2.38
2023,2,6,17.31,5.43,26.45,11.44,5.74,49.31,0.01,2.87
2023,2,7,15.35,4.19,25.48,8.24,5.31,54.94,0.01,3.56
2023,2,8,15.26,2.32,24.47,8.44,4.64,48.31,0.0,2.32
2023,2,9,15.11,4.11,22.76,8.98,5.19,50.0,0.11,3.25
2023,2,10,16.37,2.48,26.58,8.83,4.7,43.62,0.0,2.94
2023,2,11,14.82,-0.77,24.23,9.04,3.72,39.81,0.0,3.37
2023,2,12,12.7,-3.95,21.84,6.48,2.87,35.31,0.0,3.11
2023,2,13,13.45,-5.02,24.33,4.44,2.69,32.62,0.0,4.09
2023,2,14,16.73,-0.45,27.86,8.57,3.78,34.81,0.0,2.7
2023,2,15,18.84,3.71,30.77,9.78,5.07,42.06,0.0,3.64
2023,2,16,20.58,6.06,30.83,12.19,5.98,43.31,0.0,1.86
2023,2,17,22.33,3.79,32.08,14.44,5.13,33.38,0.0,1.83
2023,2,18,22.72,3.01,32.71,13.89,4.88,31.88,0.0,1.52
2023,2,19,22.44,1.09,32.87,14.08,4.27,27.19,0.0,2.61
2023,2,20,22.0,1.79,31.83,14.11,4.46,28.69,0.0,2.76
2023,2,21,20.71,1.9,30.19,14.23,4.52,33.25,0.01,3.02
2023,2,22,18.41,1.91,27.48,11.57,4.46,37.06,0.01,2.43
2023,2,23,19.23,0.63,30.8,10.82,4.09,33.62,0.0,3.29
2023,2,24,20.75,2.3,30.8,13.35,4.64,34.44,0.0,2.15
2023,2,25,22.65,3.31,31.98,15.23,4.94,29.94,0.0,1.81
2023,2,26,22.44,4.4,32.12,14.98,5.31,33.69,0.0,1.84
2023,2,27,21.92,6.58,31.11,15.81,6.16,40.44,0.09,2.33
2023,2,28,19.92,8.38,26.65,15.49,6.9,49.19,0.52,3.23
2023,3,1,20.05,10.73,27.86,14.26,8.18,59.38,0.87,3.66
2023,3,2,19.81,10.63,26.66,14.17,8.06,58.62,0.0,2.98
2023,3,3,19.34,8.95,26.76,14.08,7.26,54.81,0.0,2.62
2023,3,4,20.98,6.66,28.79,13.98,6.16,42.12,0.0,1.85
2023,3,5,22.53,6.45,30.9,16.8,6.04,37.44,0.0,2.02
2023,3,6,22.38,6.36,31.55,14.27,6.1,40.56,0.0,2.3
2023,3,7,23.49,6.26,31.89,16.58,6.04,35.56,0.0,1.63
2023,3,8,24.02,5.11,32.01,15.85,5.55,32.19,0.0,1.16
2023,3,9,23.68,3.51,32.15,16.63,4.94,28.62,0.01,1.48
2023,3,10,24.57,2.3,32.9,15.9,4.58,26.19,0.0,1.94
2023,3,11,24.44,2.69,33.94,16.01,4.76,26.06,0.0,1.92
2023,3,12,24.58,6.1,34.44,15.51,6.04,34.25,0.02,2.47
2023,3,13,25.91,10.08,33.68,19.71,7.87,39.94,0.0,1.93
2023,3,14,26.33,8.51,34.58,20.28,7.08,35.19,0.0,2.02
2023,3,15,26.28,6.23,34.51,17.74,6.23,32.75,0.0,1.37
2023,3,16,24.41,5.62,32.36,17.9,5.92,33.44,0.19,2.54
2023,3,17,19.9,11.61,24.68,16.71,8.67,60.38,9.14,2.46
2023,3,18,20.05,13.28,25.97,15.96,9.64,67.5,1.08,2.23
2023,3,19,19.69,13.07,23.79,15.14,9.52,67.38,0.18,1.41
2023,3,20,21.02,12.67,27.4,15.71,9.34,61.56,1.57,1.7
2023,3,21,20.98,12.3,27.7,13.76,9.16,62.25,1.15,1.38
2023,3,22,22.13,10.11,29.15,16.36,7.87,49.31,0.18,1.48
2023,3,23,22.07,11.19,28.85,16.21,8.42,52.25,1.34,2.07
2023,3,24,20.27,14.25,26.73,17.16,10.44,70.25,26.82,2.59
2023,3,25,19.47,13.69,24.9,15.25,10.01,72.25,2.89,2.8
2023,3,26,19.75,10.0,27.49,12.62,7.81,58.25,0.03,2.09
2023,3,27,21.43,7.87,28.99,13.35,6.71,44.94,0.0,1.63
2023,3,28,22.88,8.96,30.15,17.23,7.26,43.06,0.0,1.94
2023,3,29,23.33,10.85,30.98,16.62,8.3,48.0,0.28,2.13
2023,3,30,24.43,12.29,32.56,17.42,9.22,52.0,0.84,3.27
2023,3,31,19.71,15.43,23.58,16.76,11.17,77.94,21.41,2.06
2023,4,1,19.69,14.94,23.98,16.2,10.8,75.88,14.39,1.37
2023,4,2,21.3,13.66,28.42,14.21,9.95,65.06,1.87,1.89
2023,4,3,21.9,14.12,27.6,17.16,10.25,63.31,3.58,1.51
2023,4,4,21.69,13.58,28.44,15.87,9.89,62.56,0.67,2.22
2023,4,5,23.03,10.74,31.26,14.48,8.24,51.38,0.0,2.11
2023,4,6,23.5,11.26,31.34,16.07,8.48,50.31,0.6,2.54
2023,4,7,23.44,8.42,32.38,15.23,7.02,42.81,0.0,2.42
2023,4,8,25.3,7.62,33.88,15.85,6.65,36.94,0.0,1.83
2023,4,9,27.31,6.69,34.94,20.51,6.23,28.81,0.0,1.16
2023,4,10,27.26,8.19,35.91,18.19,6.96,32.88,0.0,2.21
2023,4,11,28.91,9.67,36.84,21.73,7.75,32.5,0.0,2.16
2023,4,12,28.68,10.9,37.36,21.48,8.36,36.88,0.0,2.64
2023,4,13,28.09,10.7,38.18,18.75,8.24,38.25,0.0,3.33
2023,4,14,30.51,9.44,39.5,21.48,7.63,30.94,0.0,1.91
2023,4,15,31.76,7.58,40.15,23.18,6.71,24.81,0.0,1.58
2023,4,16,30.55,9.5,39.7,21.73,7.69,30.5,0.0,2.61
2023,4,17,30.17,12.37,39.4,20.35,9.28,37.94,0.26,2.04
2023,4,18,28.83,14.9,33.86,24.55,10.8,44.12,0.96,2.81
2023,4,19,25.16,16.16,30.82,21.11,11.72,58.94,2.06,2.51
2023,4,20,26.06,14.88,33.12,20.18,10.86,54.5,1.39,2.37
2023,4,21,25.23,12.19,33.56,17.1,9.22,50.81,0.04,2.34
2023,4,22,25.86,8.91,34.37,18.23,7.32,38.69,0.0,2.59
2023,4,23,26.41,7.1,34.82,17.13,6.53,33.94,0.0,1.72
2023,4,24,27.55,7.22,36.53,18.91,6.53,31.31,0.0,1.69
2023,4,25,27.51,8.09,37.07,17.93,6.9,32.81,0.0,2.5
2023,4,26,29.5,9.88,38.26,20.33,7.87,33.38,0.0,1.93
2023,4,27,26.98,13.65,36.12,21.93,10.07,47.19,0.17,2.8
2023,4,28,27.58,15.22,34.73,21.44,11.05,50.06,0.03,2.23
2023,4,29,26.74,15.51,33.82,22.04,11.23,52.44,0.75,2.91
2023,4,30,25.55,16.25,30.27,20.58,11.84,58.75,0.26,1.44
2023,5,1,24.62,16.2,28.95,20.85,11.78,60.56,1.83,2.95
2023,5,2,23.15,16.66,27.38,19.38,12.08,68.62,2.18,1.8
2023,5,3,24.03,16.19,30.17,18.36,11.72,64.88,5.32,2.09
2023,5,4,25.95,15.2,32.81,18.75,10.99,54.5,1.57,1.83
2023,5,5,27.15,15.71,33.33,20.67,11.41,52.0,8.74,2.1
2023,5,6,28.76,14.58,35.38,21.92,10.62,44.38,4.5,1.99
2023,5,7,28.69,12.16,37.05,21.54,9.16,40.44,0.55,3.22
2023,5,8,27.49,10.44,35.83,19.91,8.12,38.5,0.02,3.14
2023,5,9,27.55,7.34,36.78,18.78,6.59,31.81,0.0,3.27
2023,5,10,27.99,5.71,38.55,18.04,5.92,28.5,0.0,4.54
2023,5,11,30.44,5.66,41.58,18.2,5.98,25.88,0.0,3.44
2023,5,12,31.84,7.82,41.61,22.14,6.84,26.0,0.0,2.19
2023,5,13,33.44,9.24,42.44,24.56,7.51,25.31,0.0,1.95
2023,5,14,32.15,11.98,40.39,24.15,8.97,32.06,0.06,2.83
2023,5,15,33.33,11.17,42.19,23.9,8.54,29.25,0.0,2.09
2023,5,16,33.44,12.04,41.18,25.87,9.03,29.69,0.0,2.65
2023,5,17,33.51,13.46,41.8,25.12,9.95,33.56,0.25,2.65
2023,5,18,30.84,14.52,37.14,25.2,10.56,38.56,1.76,3.63
2023,5,19,31.88,11.85,40.08,23.44,8.85,32.12,0.0,4.01
2023,5,20,33.44,7.25,42.8,24.24,6.59,23.06,0.0,3.59
2023,5,21,36.53,6.83,45.35,28.33,6.41,17.5,0.0,2.11
2023,5,22,37.51,9.12,46.63,27.94,7.51,20.44,0.0,2.57
2023,5,23,36.4,13.07,43.94,30.05,9.64,26.56,0.76,3.12
2023,5,24,33.66,17.52,39.16,27.36,12.94,39.94,2.01,4.5
2023,5,25,31.07,17.26,37.73,24.77,12.76,47.5,7.03,2.64
2023,5,26,30.9,15.74,37.6,23.9,11.54,43.25,0.66,3.32
2023,5,27,30.3,16.96,37.54,24.15,12.39,47.06,2.88,2.45
2023,5,28,30.63,14.65,36.83,23.94,10.62,39.81,0.04,1.91
2023,5,29,28.17,16.28,32.34,24.69,11.84,49.38,1.36,2.91
2023,5,30,27.39,17.52,31.65,23.05,12.76,56.25,1.61,3.39
2023,5,31,24.33,19.1,27.75,21.5,14.1,73.19,15.83,2.01
2023,6,1,24.19,18.15,28.23,20.7,13.31,70.19,6.86,2.25
2023,6,2,26.86,16.08,32.26,20.11,11.72,54.88,1.3,1.55
2023,6,3,30.73,14.69,37.08,23.3,10.68,39.75,0.0,1.17
2023,6,4,32.44,15.23,39.48,24.98,11.11,37.94,0.0,1.98
2023,6,5,33.06,15.9,40.28,25.05,11.6,38.5,0.01,3.52
2023,6,6,33.05,18.08,39.08,26.79,13.37,43.81,6.04,1.66
2023,6,7,30.21,19.31,34.81,25.57,14.4,53.62,10.81,2.86
2023,6,8,32.87,18.18,39.26,25.26,13.43,44.31,0.09,2.01
2023,6,9,35.45,17.62,42.23,27.64,13.06,37.88,0.0,2.24
2023,6,10,36.58,20.15,43.17,30.05,15.32,40.69,1.76,2.23
2023,6,11,34.77,20.19,40.34,29.19,15.32,44.56,1.82,2.18
2023,6,12,35.45,18.39,42.01,28.44,13.73,39.38,0.0,2.48
2023,6,13,37.1,19.1,44.25,29.71,14.34,37.88,0.65,4.34
2023,6,14,36.1,19.51,42.73,29.09,14.65,39.69,0.61,4.52
2023,6,15,31.39,23.07,33.97,28.75,18.25,61.88,60.3,2.27
2023,6,16,32.9,21.83,38.27,27.16,16.91,55.06,0.49,2.2
2023,6,17,34.85,20.78,40.59,28.87,15.87,46.5,0.0,1.67
2023,6,18,35.01,21.17,40.99,28.39,16.24,47.19,0.34,2.44
2023,6,19,35.13,21.91,40.37,30.19,17.03,48.06,5.74,2.05
2023,6,20,36.83,21.51,42.96,30.2,16.6,43.62,0.0,1.92
2023,6,21,37.72,21.93,43.25,31.46,17.03,42.5,0.0,1.66
2023,6,22,37.95,21.76,44.58,30.64,16.85,41.88,0.18,2.49
2023,6,23,38.42,20.87,44.52,31.55,15.99,38.44,0.02,3.12
2023,6,24,38.44,21.76,44.65,31.93,16.85,40.12,0.0,2.39
2023,6,25,37.51,21.83,43.84,30.7,17.03,43.12,19.99,2.88
2023,6,26,29.02,26.01,30.7,27.71,21.73,84.0,96.17,3.95
2023,6,27,31.22,24.71,35.13,27.15,20.08,69.81,2.88,1.3
2023,6,28,31.94,24.68,36.23,26.99,20.02,67.06,1.26,1.7
2023,6,29,32.89,24.76,36.71,28.14,20.2,63.94,4.9,1.23
2023,6,30,33.4,23.74,37.65,28.71,18.98,58.81,0.85,1.38
2023,7,1,32.4,23.65,36.47,27.33,18.86,61.38,2.85,1.63
2023,7,2,33.6,24.84,38.7,28.54,20.26,62.0,0.46,2.66
2023,7,3,33.83,25.17,38.19,28.48,20.69,62.31,12.35,2.0
2023,7,4,34.12,23.9,40.29,28.76,19.23,57.88,4.57,3.26
2023,7,5,30.4,26.33,33.67,27.23,22.22,79.44,88.05,3.8
2023,7,6,29.94,25.14,33.78,25.63,20.57,76.62,19.14,2.3
2023,7,7,28.98,25.73,32.3,25.79,21.3,83.19,28.48,2.78
2023,7,8,28.3,25.72,30.9,26.26,21.3,86.25,15.81,3.52
2023,7,9,28.15,24.97,31.89,25.02,20.39,83.62,8.13,2.3
2023,7,10,29.72,25.86,34.19,26.04,21.48,81.0,1.77,1.76
2023,7,11,30.73,25.13,35.64,25.4,20.57,74.06,0.04,1.38
2023,7,12,30.94,24.96,35.99,25.65,20.39,72.44,0.0,1.97
2023,7,13,30.64,25.8,34.36,26.34,21.48,76.69,1.01,2.1
2023,7,14,30.35,25.67,33.58,27.0,21.24,77.12,1.37,2.26
2023,7,15,30.63,25.55,34.31,26.67,21.12,75.5,14.29,1.5
2023,7,16,30.56,26.69,33.63,27.09,22.58,80.62,21.22,2.18
2023,7,17,30.84,26.64,34.4,26.96,22.58,79.44,4.0,1.66
2023,7,18,30.75,26.48,34.86,26.84,22.34,79.0,1.14,2.69
2023,7,19,28.79,26.98,31.12,27.23,23.01,90.06,22.47,4.43
2023,7,20,29.32,26.36,32.11,26.36,22.16,84.62,4.66,2.28
2023,7,21,30.15,27.19,33.3,26.94,23.25,84.69,10.33,2.35
2023,7,22,28.07,26.48,29.63,25.93,22.22,91.0,52.57,4.05
2023,7,23,29.91,24.28,33.42,25.76,19.53,73.25,22.5,1.71
2023,7,24,30.59,25.03,34.01,27.04,20.51,72.88,3.03,1.41
2023,7,25,29.23,25.88,31.26,26.94,21.55,82.5,7.36,2.09
2023,7,26,28.38,25.73,31.48,25.87,21.3,85.88,29.62,2.51
2023,7,27,29.14,26.52,32.44,26.02,22.34,86.31,15.93,2.6
2023,7,28,29.6,26.16,32.93,26.21,21.91,82.56,9.24,2.19
2023,7,29,29.38,26.3,32.35,25.98,22.16,84.0,28.58,2.09
2023,7,30,30.24,26.0,33.76,26.25,21.73,78.94,2.6,1.59
2023,7,31,31.28,25.4,34.85,27.14,21.0,71.75,0.14,1.36
2023,8,1,31.65,25.96,35.65,27.04,21.73,72.81,3.97,1.82
2023,8,2,31.54,26.89,35.66,27.53,22.95,77.44,7.84,2.28
2023,8,3,31.11,26.87,35.04,27.08,22.95,79.31,7.12,2.45
2023,8,4,31.19,26.64,35.09,27.47,22.58,78.0,2.92,2.3
2023,8,5,30.68,26.36,34.18,26.7,22.16,78.62,37.35,2.37
2023,8,6,31.15,26.7,35.25,27.01,22.71,78.31,9.95,2.49
2023,8,7,31.2,26.47,34.73,27.2,22.46,76.88,1.29,2.53
2023,8,8,31.28,26.47,35.23,27.27,22.4,76.81,0.07,2.33
2023,8,9,30.97,26.58,34.8,27.16,22.46,78.5,0.83,2.86
2023,8,10,30.11,25.82,34.08,26.53,21.42,78.81,2.06,3.02
2023,8,11,29.9,25.57,34.13,25.68,21.12,78.94,0.88,2.41
2023,8,12,30.52,25.24,35.32,25.87,20.75,74.88,0.82,2.88
2023,8,13,30.63,25.58,35.13,26.16,21.24,75.62,1.32,3.35
2023,8,14,29.57,25.51,33.68,26.16,21.06,79.75,3.09,3.56
2023,8,15,29.7,25.08,34.3,25.26,20.45,77.75,2.35,2.38
2023,8,16,30.24,25.37,33.98,25.59,20.87,76.19,2.87,1.98
2023,8,17,30.96,25.43,34.95,26.71,20.94,73.62,0.46,1.95
2023,8,18,30.79,24.98,35.97,25.96,20.39,73.0,0.0,2.01
2023,8,19,30.08,25.7,34.15,26.03,21.24,78.38,0.18,2.03
2023,8,20,31.1,26.12,34.59,27.53,21.79,75.62,0.95,0.84
2023,8,21,30.92,25.54,35.23,26.62,21.06,74.38,0.76,1.46
2023,8,22,31.87,25.5,37.06,26.23,21.12,71.19,0.27,2.08
2023,8,23,31.8,24.71,37.58,26.81,20.2,68.12,0.25,2.89
2023,8,24,30.14,24.79,34.58,26.06,20.26,74.31,3.47,2.2
2023,8,25,30.05,23.54,35.44,25.15,18.74,70.38,5.38,2.14
2023,8,26,29.5,23.89,33.71,24.82,19.1,73.0,14.37,1.62
2023,8,27,30.12,24.03,33.69,26.33,19.29,70.94,5.79,1.45
2023,8,28,30.08,24.12,34.23,26.55,19.41,71.75,9.33,1.74
2023,8,29,29.16,23.76,33.68,24.22,18.92,74.19,9.34,1.83
2023,8,30,29.82,23.22,34.83,24.75,18.25,69.69,0.09,1.85
2023,8,31,29.92,22.76,35.76,23.99,17.76,67.81,0.18,1.91
2023,9,1,30.33,22.16,36.38,24.33,17.15,64.19,0.07,2.02
2023,9,2,29.55,20.99,35.62,23.68,15.99,62.38,0.08,2.41
2023,9,3,29.72,21.39,35.69,23.67,16.42,63.31,0.02,1.95
2023,9,4,30.41,21.94,36.55,25.14,16.97,63.06,0.0,1.69
2023,9,5,29.69,21.46,35.78,23.86,16.42,63.56,0.37,1.8
2023,9,6,29.98,22.24,35.98,23.81,17.21,65.38,0.0,1.62
2023,9,7,30.08,22.87,35.76,24.6,17.88,67.19,0.0,1.62
2023,9,8,29.8,23.48,35.76,24.49,18.55,70.88,0.74,2.41
2023,9,9,29.85,22.6,36.17,24.03,17.64,67.75,0.7,2.2
2023,9,10,29.97,23.24,35.67,24.76,18.37,69.31,2.07,2.6
2023,9,11,30.32,23.65,36.21,24.73,18.86,69.94,1.28,2.23
2023,9,12,31.25,23.21,36.98,25.53,18.31,64.62,1.78,2.05
2023,9,13,30.93,23.23,37.3,25.27,18.37,66.25,0.77,2.27
2023,9,14,30.81,24.2,35.94,26.0,19.47,69.56,2.18,2.34
2023,9,15,30.71,24.6,35.89,26.39,19.9,71.38,3.51,2.48
2023,9,16,29.9,24.37,34.85,25.69,19.59,74.0,1.84,2.52
2023,9,17,28.98,24.2,34.12,24.79,19.41,77.19,6.79,2.31
2023,9,18,27.89,24.82,30.99,25.58,20.14,83.94,29.41,2.87
2023,9,19,28.2,24.58,31.62,24.8,19.78,81.38,33.95,2.3
2023,9,20,29.04,24.22,33.57,24.53,19.35,76.5,7.18,1.02
2023,9,21,29.12,24.26,33.95,24.6,19.41,76.44,1.32,1.38
2023,9,22,29.08,24.6,33.82,24.88,19.84,78.06,7.7,2.23
2023,9,23,28.16,24.72,31.94,24.87,19.96,82.25,38.82,2.47
2023,9,24,27.54,23.65,32.08,23.75,18.74,80.38,1.97,2.34
2023,9,25,26.82,22.58,31.33,22.85,17.52,78.81,0.15,2.25
2023,9,26,26.94,21.6,31.87,22.33,16.48,73.94,0.0,1.53
2023,9,27,26.87,19.62,32.1,22.26,14.59,65.81,0.0,1.34
2023,9,28,26.47,19.38,33.12,21.62,14.4,67.0,0.0,1.56
2023,9,29,26.22,18.72,32.78,20.73,13.79,65.69,0.0,1.94
2023,9,30,25.68,17.62,31.65,19.76,12.88,62.56,0.0,1.93
2023,10,1,26.1,14.59,32.59,19.98,10.68,51.94,0.0,1.38
2023,10,2,25.84,13.37,32.91,20.39,9.83,47.88,0.0,1.41
2023,10,3,25.35,14.76,32.03,19.83,10.74,53.38,0.0,1.91
2023,10,4,25.93,15.66,33.21,18.89,11.35,55.62,0.0,1.72
2023,10,5,26.21,14.73,34.18,18.29,10.74,53.06,0.0,1.8
2023,10,6,24.69,15.01,33.41,17.46,10.99,59.0,0.0,2.22
2023,10,7,25.14,16.73,33.5,18.17,12.21,62.31,0.0,2.49
2023,10,8,26.35,19.4,33.73,20.04,14.4,67.69,0.0,2.05
2023,10,9,26.64,21.03,32.57,21.64,15.93,73.06,5.36,2.1
2023,10,10,24.96,20.04,30.37,20.49,14.95,75.75,11.81,2.1
2023,10,11,24.94,15.98,31.93,17.9,11.54,60.94,0.0,1.97
2023,10,12,23.85,15.12,32.01,17.14,10.93,61.56,0.0,2.07
2023,10,13,23.92,16.34,31.62,17.71,11.84,65.81,0.0,2.51
2023,10,14,23.97,18.03,31.04,19.04,13.18,71.81,28.39,2.48
2023,10,15,23.1,17.41,29.19,18.26,12.63,72.5,0.36,1.84
2023,10,16,22.09,18.19,27.03,18.9,13.24,79.81,17.47,1.87
2023,10,17,20.53,17.55,25.23,17.06,12.7,84.25,8.78,2.07
2023,10,18,20.19,15.04,26.12,14.35,10.8,74.31,0.0,2.16
2023,10,19,21.15,13.58,27.16,15.72,9.83,63.38,0.0,1.37
2023,10,20,21.3,13.96,27.7,15.42,10.07,64.5,0.0,1.29
2023,10,21,21.87,14.9,28.64,16.38,10.74,66.25,0.0,1.56
2023,10,22,21.51,15.93,27.42,16.55,11.41,72.19,0.51,1.89
2023,10,23,21.74,16.15,27.21,16.3,11.6,72.19,0.0,1.75
2023,10,24,22.72,15.66,28.41,17.74,11.29,65.88,0.0,1.16
2023,10,25,23.03,14.17,29.14,17.11,10.25,59.25,0.0,1.32
2023,10,26,23.14,12.62,30.67,16.96,9.28,54.06,0.0,1.52
2023,10,27,22.61,13.15,29.46,17.38,9.58,56.75,0.0,1.62
2023,10,28,22.4,14.79,29.37,16.7,10.68,64.62,0.0,1.75
2023,10,29,22.35,15.92,29.59,17.07,11.47,69.38,0.0,1.85
2023,10,30,21.78,16.39,28.2,17.22,11.78,73.31,0.0,2.08
2023,10,31,21.63,16.08,28.05,17.16,11.54,72.62,0.0,1.75
2023,11,1,22.49,16.13,28.8,17.76,11.6,68.75,0.0,1.6
2023,11,2,22.36,16.6,27.19,18.65,11.96,70.62,0.0,1.2
2023,11,3,21.43,16.78,26.55,17.71,12.15,75.94,0.0,1.36
2023,11,4,22.11,14.69,28.34,16.4,10.68,66.31,0.0,1.16
2023,11,5,22.08,12.37,28.79,16.52,9.09,55.75,0.0,1.26
2023,11,6,20.89,13.23,26.93,15.26,9.64,62.38,0.0,1.67
2023,11,7,21.23,15.23,26.08,17.9,10.99,69.19,0.0,1.29
2023,11,8,21.78,15.28,27.44,17.63,10.99,68.06,0.0,1.55
2023,11,9,22.06,14.65,28.49,18.0,10.56,65.5,0.0,1.46
2023,11,10,17.7,15.48,19.73,14.38,11.11,86.94,18.63,2.52
2023,11,11,18.47,13.97,24.69,13.08,10.01,76.75,0.02,1.69
2023,11,12,19.05,11.31,25.06,13.9,8.42,62.69,0.0,1.69
2023,11,13,18.81,9.73,24.96,13.87,7.57,56.62,0.0,1.3
2023,11,14,18.67,9.72,25.25,13.33,7.57,57.62,0.0,1.65
2023,11,15,18.79,8.86,25.58,12.26,7.2,54.19,0.0,1.7
2023,11,16,19.52,8.33,25.47,14.15,6.9,49.31,0.0,0.57
2023,11,17,19.1,9.37,26.3,13.73,7.45,54.38,0.0,1.82
2023,11,18,18.48,8.91,25.86,13.51,7.2,55.38,0.0,1.78
2023,11,19,18.62,9.42,25.55,14.28,7.45,56.19,0.0,1.36
2023,11,20,17.81,10.19,24.09,13.54,7.81,62.19,0.0,1.92
2023,11,21,17.19,9.98,25.02,12.35,7.75,64.12,0.0,2.72
2023,11,22,16.81,8.58,24.29,10.26,7.08,61.19,0.0,2.3
2023,11,23,16.69,8.52,24.79,10.49,7.02,60.81,0.0,2.32
2023,11,24,16.9,9.4,23.67,12.38,7.45,62.62,0.0,1.66
2023,11,25,16.91,9.94,23.08,12.92,7.75,64.25,0.0,1.18
2023,11,26,15.82,10.9,19.49,13.23,8.24,73.06,0.0,1.66
2023,11,27,15.16,12.21,19.48,13.0,8.97,83.06,0.0,1.75
2023,11,28,16.86,10.08,23.94,11.63,7.81,66.38,0.0,1.55
2023,11,29,18.69,10.09,25.77,12.23,7.81,59.62,0.01,1.27
2023,11,30,17.39,12.68,21.88,13.76,9.28,75.12,2.76,1.85
2023,12,1,16.67,11.49,23.83,11.8,8.54,73.75,0.0,2.68
2023,12,2,16.55,8.96,24.21,10.58,7.2,64.62,0.0,1.88
2023,12,3,17.48,6.85,23.65,12.56,6.23,50.62,0.0,0.95
2023,12,4,17.48,7.94,23.89,12.26,6.71,54.56,0.0,1.05
2023,12,5,16.26,7.83,23.37,12.16,6.71,58.69,0.0,2.05
2023,12,6,15.37,6.01,23.4,9.42,5.92,55.75,0.0,2.48
2023,12,7,15.4,4.89,23.12,10.04,5.49,50.81,0.0,1.9
2023,12,8,15.73,4.37,22.69,10.43,5.25,47.81,0.0,1.2
2023,12,9,15.76,4.71,22.92,10.56,5.43,48.88,0.0,1.42
2023,12,10,13.78,4.05,23.05,7.08,5.19,54.38,0.0,3.22
2023,12,11,14.45,2.18,22.49,9.6,4.52,45.38,0.0,1.37
2023,12,12,12.52,3.69,20.97,6.99,5.07,57.25,0.0,2.14
2023,12,13,13.48,4.69,21.64,8.94,5.37,57.0,0.0,1.62
2023,12,14,13.18,4.92,19.82,8.63,5.49,58.5,0.0,1.79
2023,12,15,14.15,4.76,19.83,10.14,5.37,54.06,0.0,0.96
2023,12,16,12.37,5.04,18.93,8.61,5.49,62.12,0.07,1.83
2023,12,17,12.48,5.8,20.24,8.03,5.8,65.56,0.1,2.01
2023,12,18,11.57,4.41,21.12,5.15,5.25,65.38,0.0,3.41
2023,12,19,11.26,2.0,21.38,4.69,4.46,56.0,0.0,3.14
2023,12,20,12.52,0.91,22.13,7.23,4.15,46.81,0.0,2.42
2023,12,21,13.65,0.33,21.47,8.35,3.97,40.94,0.0,1.52
2023,12,22,13.33,1.1,19.87,9.26,4.21,43.75,0.0,1.31
2023,12,23,14.48,5.05,21.32,8.26,5.55,54.0,0.0,1.86
2023,12,24,13.26,6.48,19.13,9.51,6.04,64.25,0.0,1.43
2023,12,25,14.43,5.36,23.02,6.74,5.62,57.5,0.0,1.93
2023,12,26,15.95,4.68,23.08,9.92,5.37,48.56,0.0,1.18
2023,12,27,14.6,4.86,21.62,9.49,5.43,53.31,0.0,1.45
2023,12,28,13.03,4.43,21.74,7.23,5.25,58.12,0.0,2.27
2023,12,29,13.35,4.33,20.53,7.79,5.25,56.56,0.0,1.25
2023,12,30,12.95,3.88,19.33,8.33,5.07,55.5,0.0,1.09
